continent,ingredient,prevalence,count
Asia,Basil,0.06018614270941055,291.0
Asia,Carrot,0.0655635987590486,317.0
Asia,Cayenne,0.14022750775594622,678.0
Asia,Cilantro,0.06370217166494313,308.00000000000006
Asia,Cucumber,0.040744570837642186,196.99999999999997
Asia,Fish,0.048190279214064116,233.0
Asia,Garlic,0.3042399172699069,1470.9999999999998
Asia,Lettuce,0.02068252326783868,100.00000000000001
Asia,Lime_juice,0.03412616339193381,164.99999999999997
Asia,Mint,0.029576008273009307,143.0
Asia,Olive_oil,0.16504653567735264,798.0
Asia,Rice,0.07921406411582213,383.0
Asia,Seed,0.03019648397104447,146.0
Asia,Shiitake,0.004343329886246122,20.999999999999996
Asia,Shrimp,0.031023784901758014,150.0
Asia,Vinegar,0.14415718717683554,696.9999999999998
Asia,Black_pepper,0.1547052740434333,748.0
Asia,Onion,0.31830403309203725,1539.0000000000002
Asia,Soy_sauce,0.05853154084798345,282.99999999999994
Asia,Thai_pepper,0.0062047569803516025,29.999999999999996
Asia,Bean,0.03474663908996898,168.00000000000003
Asia,Beef_broth,0.01158221302998966,56.0
Asia,Ginger,0.09596690796277146,464.0
Asia,Lime,0.027300930713547045,131.99999999999997
Asia,Pea,0.023371251292657703,112.99999999999999
Asia,Roasted_beef,0.005170630816959669,25.0
Asia,Shallot,0.018407445708376418,88.99999999999999
Asia,Vegetable_oil,0.20889348500517066,1010.0000000000001
Asia,Coriander,0.05873836608066184,284.0
Asia,Lemon,0.05563598759048604,269.0
Asia,Peanut,0.015511892450879009,75.00000000000001
Asia,Scallion,0.07094105480868666,343.0
Asia,Beef,0.07631851085832471,368.99999999999994
Asia,Lemongrass,0.010548086866597724,50.99999999999999
Asia,Root,0.0014477766287487074,7.0
Asia,Sesame_oil,0.0157187176835574,76.00000000000001
Asia,Chicken,0.1110651499482937,537.0
Asia,Oregano,0.0452947259565667,219.0
Asia,Pineapple,0.032885211995863486,158.99999999999994
Asia,Tomato,0.16339193381592554,790.0
Asia,Bread,0.07300930713547052,352.99999999999994
Asia,Butter,0.3530506721820062,1707.0
Asia,Egg,0.3536711478800414,1710.0000000000002
Asia,Lard,0.056670113753877975,274.0
Asia,Mushroom,0.05356773526370217,259.0
Asia,Pork,0.03329886246122027,161.0
Asia,Wheat,0.34146845915201657,1651.0
Asia,Mango,0.01344364012409514,65.0
Asia,Chicken_broth,0.06639089968976215,321.0
Asia,Coconut,0.04777662874870734,231.0
Asia,Cumin,0.08521199586349534,412.0
Asia,Fenugreek,0.031644260599793174,153.0
Asia,Pepper,0.17394002068252326,841.0
Asia,Turmeric,0.054601861427094105,264.0
Asia,Cane_molasses,0.1340227507755946,648.0
Asia,Cinnamon,0.11044467425025853,534.0
Asia,Cream,0.16773526370217168,811.0000000000001
Asia,Milk,0.2324715615305067,1123.9999999999998
Asia,Milk_fat,0.015511892450879009,75.00000000000001
Asia,Nutmeg,0.046742502585315406,225.99999999999997
Asia,Pumpkin,0.013857290589451914,67.0
Asia,Roasted_peanut,0.009927611168562564,48.0
Asia,Bell_pepper,0.11458117890382627,554.0
Asia,Cabbage,0.015925542916235783,77.00000000000001
Asia,Macaroni,0.043433298862461216,209.99999999999997
Asia,Wine,0.01944157187176836,94.00000000000001
Asia,Mung_bean,0.0008273009307135469,3.9999999999999996
Asia,Soybean,0.013650465356773526,66.0
Asia,Oyster,0.0045501551189245076,21.999999999999993
Asia,Sherry,0.01902792140641158,92.0
Asia,Watercress,0.002068252326783868,10.0
Asia,Catfish,0.0008273009307135469,3.9999999999999996
Asia,Dill,0.01964839710444674,94.99999999999999
Asia,Yeast,0.059358841778697,287.0
Asia,Green_bell_pepper,0.05129265770423992,248.00000000000003
Asia,Turkey,0.013650465356773526,66.0
Asia,Orange,0.03536711478800414,171.0
Asia,Star_anise,0.0033092037228541877,15.999999999999998
Asia,White_wine,0.03784901758014478,183.0
Asia,Radish,0.004963805584281282,24.0
Asia,Tamarind,0.03350568769389865,162.0
Asia,Crab,0.012616339193381593,61.0
Asia,Starch,0.040951396070320584,198.00000000000003
Asia,Corn,0.07259565667011375,351.0
Asia,Brussels_sprout,0.0008273009307135469,3.9999999999999996
Asia,Mandarin_peel,0.00020682523267838678,1.0
Asia,Sesame_seed,0.01158221302998966,56.0
Asia,Grapefruit,0.0022750775594622538,10.999999999999996
Asia,Pecan,0.039710444674250264,192.00000000000003
Asia,Papaya,0.0014477766287487074,7.0
Asia,Lemon_juice,0.09245087900723888,446.99999999999994
Asia,Meat,0.01344364012409514,65.0
Asia,Peanut_oil,0.005377456049638056,26.0
Asia,Banana,0.017786970010341262,86.0
Asia,Palm,0.0006204756980351603,3.0
Asia,Sweet_potato,0.00951396070320579,46.0
Asia,Tea,0.001861427094105481,9.0
Asia,Squid,0.0014477766287487074,7.0
Asia,Tabasco_pepper,0.016546018614270942,80.0
Asia,Bone_oil,0.00041365046535677346,1.9999999999999998
Asia,Pork_liver,0.00020682523267838678,1.0
Asia,Black_mustard_seed_oil,0.002895553257497415,14.0
Asia,Coconut_oil,0.0006204756980351603,3.0
Asia,Almond,0.044881075491209926,217.0
Asia,Cardamom,0.013650465356773526,66.0
Asia,Cashew,0.0062047569803516025,29.999999999999996
Asia,Raisin,0.039710444674250264,192.00000000000003
Asia,Saffron,0.011168562564632886,54.0
Asia,Okra,0.001861427094105481,9.0
Asia,Savory,0.0022750775594622538,10.999999999999996
Asia,Yogurt,0.03350568769389865,162.0
Asia,Lamb,0.007238883143743538,35.00000000000001
Asia,Bay,0.02916235780765253,141.0
Asia,Celery,0.06204756980351603,300.0
Asia,Vegetable,0.01695966907962771,81.99999999999999
Asia,Buttermilk,0.023371251292657703,112.99999999999999
Asia,Cauliflower,0.007445708376421924,36.0
Asia,Potato,0.059152016546018614,286.0
Asia,Barley,0.003722854188210962,18.0
Asia,Chicory,0.0014477766287487074,7.0
Asia,Feta_cheese,0.00765253360910031,37.0
Asia,Parsley,0.09720785935884177,469.99999999999994
Asia,Pear,0.00765253360910031,37.0
Asia,Walnut,0.04901758014477766,237.0
Asia,Lentil,0.00765253360910031,37.0
Asia,Zucchini,0.018407445708376418,88.99999999999999
Asia,Coffee,0.007445708376421924,36.0
Asia,Apple,0.04426059979317477,214.0
Asia,Caraway,0.0033092037228541877,15.999999999999998
Asia,Cider,0.01944157187176836,94.00000000000001
Asia,Grape,0.00703205791106515,34.0
Asia,Vanilla,0.1580144777662875,764.0
Asia,Orange_juice,0.03412616339193381,164.99999999999997
Asia,Apricot,0.009720785935884178,47.0
Asia,Lime_peel_oil,0.0012409513960703205,6.0
Asia,Mustard,0.06845915201654602,331.0
Asia,Honey,0.04198552223371251,203.0
Asia,Pistachio,0.004343329886246122,20.999999999999996
Asia,Strawberry,0.01964839710444674,94.99999999999999
Asia,Cream_cheese,0.05294725956566701,256.0
Asia,Chickpea,0.011168562564632886,54.0
Asia,Mace,0.0022750775594622538,10.999999999999996
Asia,Watermelon,0.0022750775594622538,10.999999999999996
Asia,Cocoa,0.08148914167528439,394.0
Asia,Chive,0.02295760082730093,111.0
Asia,Thyme,0.043433298862461216,209.99999999999997
Asia,Kiwi,0.002688728024819028,13.0
Asia,Currant,0.003722854188210962,18.0
Asia,Peach,0.008686659772492245,42.00000000000001
Asia,Anise_seed,0.0014477766287487074,7.0
Asia,Clam,0.008273009307135471,40.0
Asia,Passion_fruit,0.0006204756980351603,3.0
Asia,Rum,0.010134436401240952,49.0
Asia,Salmon,0.007445708376421924,36.0
Asia,Broccoli,0.016546018614270942,80.0
Asia,Orange_peel,0.007859358841778697,38.0
Asia,Fennel,0.010341261633919338,50.0
Asia,Celery_oil,0.01799379524301965,87.0
Asia,Scallop,0.004963805584281282,24.0
Asia,Beet,0.003516028955532575,17.0
Asia,Date,0.007238883143743538,35.00000000000001
Asia,Parmesan_cheese,0.0452947259565667,219.0
Asia,Lemon_peel,0.008686659772492245,42.00000000000001
Asia,Sunflower_oil,0.0006204756980351603,3.0
Asia,Prawn,0.002068252326783868,10.0
Asia,Galanga,0.0022750775594622538,10.999999999999996
Asia,Melon,0.00392967942088935,19.000000000000004
Asia,Wheat_bread,0.001034126163391934,5.0
Asia,Berry,0.0033092037228541877,15.999999999999998
Asia,Bitter_orange,0.0012409513960703205,6.0
Asia,Blackberry,0.002688728024819028,13.0
Asia,Blueberry,0.00951396070320579,46.0
Asia,Brandy,0.007238883143743538,35.00000000000001
Asia,Gelatin,0.028748707342295763,139.0
Asia,Raspberry,0.01344364012409514,65.0
Asia,Peppermint,0.00392967942088935,19.000000000000004
Asia,Jasmine,0.00041365046535677346,1.9999999999999998
Asia,Asparagus,0.007859358841778697,38.0
Asia,Black_tea,0.0012409513960703205,6.0
Asia,Leek,0.005584281282316443,27.0
Asia,Red_wine,0.020889348500517064,101.0
Asia,Whole_grain_wheat_flour,0.013857290589451914,67.0
Asia,Cheese,0.043640124095139614,211.00000000000003
Asia,Brassica,0.0012409513960703205,6.0
Asia,Goat_cheese,0.003722854188210962,18.0
Asia,Squash,0.009720785935884178,47.0
Asia,Cherry,0.01861427094105481,90.0
Asia,Grape_juice,0.0140641158221303,68.0
Asia,Kidney_bean,0.008686659772492245,42.00000000000001
Asia,Nut,0.01902792140641158,92.0
Asia,Lobster,0.00392967942088935,19.000000000000004
Asia,Yam,0.001034126163391934,5.0
Asia,Rose,0.0031023784901758012,14.999999999999998
Asia,Rosemary,0.028335056876938988,137.0
Asia,Plum,0.005170630816959669,25.0
Asia,Kale,0.0022750775594622538,10.999999999999996
Asia,Olive,0.028748707342295763,139.0
Asia,Quince,0.0008273009307135469,3.9999999999999996
Asia,Black_bean,0.004136504653567736,20.0
Asia,Pimento,0.005584281282316443,27.0
Asia,Smoke,0.009927611168562564,48.0
Asia,Tarragon,0.007238883143743538,35.00000000000001
Asia,Mussel,0.0022750775594622538,10.999999999999996
Asia,Ham,0.024612202688728026,119.0
Asia,Truffle,0.0006204756980351603,3.0
Asia,Endive,0.0016546018614270938,7.999999999999999
Asia,Hazelnut,0.004343329886246122,20.999999999999996
Asia,White_bread,0.0062047569803516025,29.999999999999996
Asia,Tomato_juice,0.004136504653567736,20.0
Asia,Pork_sausage,0.025439503619441573,123.0
Asia,Cod,0.002068252326783868,10.0
Asia,Armagnac,0.00020682523267838678,1.0
Asia,Champagne_wine,0.001034126163391934,5.0
Asia,Avocado,0.00703205791106515,34.0
Asia,Beer,0.00392967942088935,19.000000000000004
Asia,Blue_cheese,0.006411582213029989,31.0
Asia,Turnip,0.002895553257497415,14.0
Asia,Octopus,0.00041365046535677346,1.9999999999999998
Asia,Tuna,0.008066184074457083,39.0
Asia,Cured_pork,0.00392967942088935,19.000000000000004
Asia,Fig,0.002895553257497415,14.0
Asia,Bacon,0.03453981385729059,167.0
Asia,Veal,0.0012409513960703205,6.0
Asia,Cassava,0.0016546018614270938,7.999999999999999
Asia,Sage,0.014270941054808688,69.0
Asia,Smoked_sausage,0.004343329886246122,20.999999999999996
Asia,Lima_bean,0.002688728024819028,13.0
Asia,Guava,0.00020682523267838678,1.0
Asia,Artichoke,0.005997931747673217,29.000000000000007
Asia,Lovage,0.0033092037228541877,15.999999999999998
Asia,Romano_cheese,0.0045501551189245076,21.999999999999993
Asia,Marjoram,0.009307135470527405,45.0
Asia,Grape_brandy,0.00020682523267838678,1.0
Asia,Porcini,0.001034126163391934,5.0
Asia,Corn_flake,0.004136504653567736,20.0
Asia,Sour_cherry,0.00020682523267838678,1.0
Asia,Seaweed,0.0022750775594622538,10.999999999999996
Asia,Cacao,0.0006204756980351603,3.0
Asia,Anise,0.002068252326783868,10.0
Asia,Egg_noodle,0.005170630816959669,25.0
Asia,Cottage_cheese,0.0031023784901758012,14.999999999999998
Asia,Horseradish,0.005997931747673217,29.000000000000007
Asia,Cranberry,0.01923474663908997,93.0
Asia,Chicken_liver,0.001034126163391934,5.0
Asia,Fruit,0.008066184074457083,39.0
Asia,Maple_syrup,0.008686659772492245,42.00000000000001
Europe,Vegetable_oil,0.1957773512476008,1530.0000000000002
Europe,Wheat,0.3777351247600768,2952.0000000000005
Europe,Yeast,0.05732565579014715,448.0
Europe,Bay,0.03608445297504798,282.0
Europe,Bean,0.043506078055022386,339.99999999999994
Europe,Cayenne,0.1621241202815099,1267.0
Europe,Cumin,0.06999360204734485,547.0
Europe,Lemon_juice,0.09238643634037108,722.0
Europe,Lettuce,0.022392834293026232,175.0
Europe,Olive_oil,0.1581573896353167,1236.0
Europe,Onion,0.327319257837492,2558.0
Europe,Parsley,0.09891234804862443,773.0
Europe,Bone_oil,0.0015355086372360845,12.0
Europe,Carrot,0.06269993602047345,490.00000000000006
Europe,Celery,0.06973768394113884,545.0
Europe,Chicken,0.09712092130518234,759.0
Europe,Dill,0.021625079974408188,169.0
Europe,Kohlrabi,0.00038387715930902113,3.0
Europe,Parsnip,0.0029430582213691623,23.000000000000004
Europe,Pepper,0.16596289187460012,1297.0
Europe,Rutabaga,0.0005118362124120282,4.0
Europe,Turnip,0.004222648752399232,33.0
Europe,Zucchini,0.019193857965451054,150.0
Europe,Black_pepper,0.16596289187460012,1297.0
Europe,Egg,0.3943698016634677,3082.0
Europe,Lamb,0.007165706973768394,56.0
Europe,Mint,0.017146513115802942,134.0
Europe,Nut,0.016634676903390915,130.0
Europe,Tomato,0.18259756877799105,1427.0
Europe,Turmeric,0.01727447216890595,135.0
Europe,Butter,0.3797824696097249,2968.0
Europe,Cream,0.2037108125399872,1592.0
Europe,Marjoram,0.008701215611004478,68.0
Europe,Mushroom,0.05579014715291107,436.0
Europe,Potato,0.06474728087012156,506.0
Europe,Rosemary,0.028278950735764558,221.00000000000003
Europe,Cocoa,0.08777991042866283,686.0
Europe,Lard,0.05783749200255917,451.99999999999994
Europe,Vanilla,0.16468330134357007,1287.0
Europe,Cinnamon,0.09635316698656428,752.9999999999999
Europe,Milk,0.2289187460012796,1789.0
Europe,Milk_fat,0.02328854766474728,182.0
Europe,Leek,0.014075495841330775,110.0
Europe,Pear,0.007933461292386436,61.99999999999999
Europe,Vegetable,0.019321817018554063,151.0
Europe,Beet,0.00473448496481126,37.0
Europe,Grape_juice,0.011516314779270634,90.0
Europe,Horseradish,0.007037747920665387,55.0
Europe,Apricot,0.013179782469609724,102.99999999999999
Europe,Cream_cheese,0.05476647472808701,428.0
Europe,Raisin,0.031349968010236734,245.00000000000009
Europe,Walnut,0.050799744081893784,396.99999999999994
Europe,Saffron,0.003710812539987204,28.999999999999996
Europe,Chickpea,0.0049904030710172746,39.0
Europe,Cilantro,0.05182341650671785,405.0
Europe,Cod,0.0028150991682661546,22.0
Europe,Lemon,0.05182341650671785,405.0
Europe,Seed,0.02405630198336532,187.99999999999997
Europe,Chive,0.027767114523352527,217.0
Europe,Fennel,0.018426103646833013,144.0
Europe,Fish,0.035188739603326934,275.0
Europe,Smoke,0.009596928982725529,75.00000000000001
Europe,Apple,0.04785668586052464,374.00000000000006
Europe,Sage,0.015866922584772868,123.99999999999996
Europe,Sweet_potato,0.008061420345489444,63.00000000000001
Europe,Yam,0.0016634676903390913,12.999999999999998
Europe,Cane_molasses,0.12859884836852206,1004.9999999999999
Europe,Red_wine,0.026999360204734486,211.0
Europe,Salmon,0.008829174664107486,69.0
Europe,Smoked_salmon,0.0029430582213691623,23.000000000000004
Europe,Vinegar,0.13294945617402432,1039.0
Europe,White_wine,0.04069097888675624,318.0
Europe,Chicken_broth,0.06845809341010876,535.0
Europe,Beef,0.0818937939859245,640.0
Europe,Cucumber,0.028662827895073576,224.0
Europe,Garlic,0.290722968650032,2272.0
Europe,Roasted_beef,0.003838771593090211,30.0
Europe,Ginger,0.052463211772232884,410.0
Europe,Sherry,0.011388355726167629,89.00000000000001
Europe,Honey,0.04158669225847729,325.0
Europe,Lemon_peel,0.013179782469609724,102.99999999999999
Europe,Scallion,0.0690978886756238,540.0
Europe,Brandy,0.01253998720409469,98.0
Europe,Coriander,0.0272552783109405,213.0
Europe,Coffee,0.014331413947536788,112.0
Europe,Orange_juice,0.03147792706333973,246.0
Europe,Pecan,0.03736404350607805,291.99999999999994
Europe,Cardamom,0.005246321177223289,41.0
Europe,Maple_syrup,0.007677543186180422,60.0
Europe,Orange,0.0345489443378119,270.0
Europe,Starch,0.04081893793985925,319.00000000000006
Europe,Bread,0.08227767114523353,643.0
Europe,Green_bell_pepper,0.05169545745361484,404.0
Europe,Soybean,0.00818937939859245,64.0
Europe,Bell_pepper,0.10287907869481766,804.0
Europe,Oregano,0.05898912348048625,461.00000000000006
Europe,Sumac,0.00012795905310300704,1.0
Europe,Thyme,0.06833013435700576,534.0
Europe,Turkey,0.01625079974408189,126.99999999999997
Europe,Rice,0.049904030710172735,389.99999999999994
Europe,Date,0.006269993602047345,49.0
Europe,Fig,0.0029430582213691623,23.000000000000004
Europe,Shallot,0.03672424824056302,287.0
Europe,Beer,0.005246321177223289,41.0
Europe,Egg_noodle,0.005630198336532309,44.0
Europe,Mozzarella_cheese,0.01253998720409469,98.0
Europe,Olive,0.03659628918746001,286.0
Europe,Veal,0.005758157389635317,45.0
Europe,Hazelnut,0.005630198336532309,44.0
Europe,Almond,0.042354446577095334,331.00000000000006
Europe,Basil,0.05604606525911708,438.0
Europe,Mustard,0.07613563659628919,595.0
Europe,Tabasco_pepper,0.018682021753039027,146.0
Europe,Cranberry,0.015355086372360844,120.0
Europe,Parmesan_cheese,0.03877159309021113,303.0
Europe,Lime_juice,0.03710812539987205,290.00000000000006
Europe,Asparagus,0.0063979526551503525,50.00000000000001
Europe,Squash,0.009596928982725529,75.00000000000001
Europe,Cottage_cheese,0.006781829814459373,53.0
Europe,Lemongrass,0.008317338451695458,65.0
Europe,Root,0.002687140115163148,21.0
Europe,Plum,0.006525911708253359,51.0
Europe,Orange_peel,0.01164427383237364,91.0
Europe,Corn,0.09724888035828536,760.0
Europe,Pistachio,0.00473448496481126,37.0
Europe,Cheese,0.061676263595649386,481.99999999999994
Europe,Caraway,0.00345489443378119,27.0
Europe,Blackberry,0.0033269353806781826,25.999999999999996
Europe,Wine,0.01599488163787588,125.0
Europe,Tea,0.002303262955854127,18.000000000000004
Europe,Mace,0.0014075495841330773,11.0
Europe,Clove,0.0002559181062060141,2.0
Europe,Rum,0.011132437619961612,87.0
Europe,Rye_flour,0.003071017274472169,24.0
Europe,Anise_seed,0.002303262955854127,18.000000000000004
Europe,Raspberry,0.015227127319257837,119.0
Europe,Coconut,0.0345489443378119,270.0
Europe,Pea,0.015866922584772868,123.99999999999996
Europe,Barley,0.003966730646193218,30.999999999999996
Europe,Beef_broth,0.009341010876519514,73.0
Europe,Porcini,0.0021753039027511195,17.0
Europe,Peach,0.008573256557901471,67.0
Europe,Chicken_liver,0.0011516314779270633,9.0
Europe,Strawberry,0.01957773512476008,153.00000000000003
Europe,Meat,0.019961612284069098,156.0
Europe,Liver,0.0008957133717210493,7.0
Europe,Flower,0.0010236724248240564,8.0
Europe,Fruit,0.00780550223928343,61.0
Europe,Fenugreek,0.01471529110684581,115.0
Europe,Sunflower_oil,0.00012795905310300704,1.0
Europe,Macaroni,0.038899552143314135,303.99999999999994
Europe,Sesame_seed,0.006525911708253359,51.0
Europe,Artichoke,0.007037747920665387,55.0
Europe,Nutmeg,0.04312220089571337,337.0
Europe,Yogurt,0.01164427383237364,91.0
Europe,Buckwheat,0.0006397952655150353,5.000000000000001
Europe,Whiskey,0.0017914267434420985,14.0
Europe,Broccoli,0.01215611004478567,95.0
Europe,Leaf,0.0006397952655150353,5.000000000000001
Europe,Watercress,0.003071017274472169,24.0
Europe,Rhubarb,0.0031989763275751763,25.000000000000004
Europe,Avocado,0.0163787587971849,128.0
Europe,Cherry,0.01957773512476008,153.00000000000003
Europe,Currant,0.0033269353806781826,25.999999999999996
Europe,Mandarin,0.004606525911708253,36.0
Europe,Cauliflower,0.003838771593090211,30.0
Europe,Shiitake,0.003582853486884197,28.0
Europe,Tarragon,0.011388355726167629,89.00000000000001
Europe,Feta_cheese,0.0090850927703135,71.0
Europe,Cabbage,0.014075495841330775,110.0
Europe,Banana,0.018170185540627,142.0
Europe,Chicory,0.0028150991682661546,22.0
Europe,Corn_flake,0.0031989763275751763,25.000000000000004
Europe,Endive,0.0029430582213691623,23.000000000000004
Europe,Cabernet_sauvignon_wine,0.0006397952655150353,5.000000000000001
Europe,Lima_bean,0.003071017274472169,24.0
Europe,Quince,0.0005118362124120282,4.0
Europe,Cider,0.02034548944337812,159.0
Europe,Mango,0.007293666026871402,57.00000000000001
Europe,Citrus,0.0020473448496481127,16.0
Europe,Pineapple,0.029174664107485607,228.00000000000003
Europe,Pumpkin,0.01202815099168266,93.99999999999999
Europe,Whole_grain_wheat_flour,0.010364683301343571,81.00000000000001
Europe,Orange_flower,0.0006397952655150353,5.000000000000001
Europe,Radish,0.005246321177223289,41.0
Europe,Pork,0.028918746001279586,225.99999999999997
Europe,Champagne_wine,0.002559181062060141,20.000000000000004
Europe,Truffle,0.0016634676903390913,12.999999999999998
Europe,Lobster,0.0028150991682661546,22.0
Europe,Clam,0.007421625079974408,57.99999999999999
Europe,Mussel,0.003710812539987204,28.999999999999996
Europe,Anise,0.004350607805502239,34.0
Europe,Scallop,0.00601407549584133,46.99999999999999
Europe,Lavender,0.0029430582213691623,23.000000000000004
Europe,Savory,0.0028150991682661546,22.0
Europe,Ham,0.02034548944337812,159.0
Europe,Kidney_bean,0.010620601407549585,83.0
Europe,Tuna,0.00818937939859245,64.0
Europe,Bacon,0.038003838771593086,296.99999999999994
Europe,White_bread,0.006142034548944338,48.0
Europe,Cognac,0.00473448496481126,37.0
Europe,Armagnac,0.0007677543186180423,6.0
Europe,Swiss_cheese,0.010492642354446578,82.0
Europe,Bitter_orange,0.0033269353806781826,25.999999999999996
Europe,Grape,0.005758157389635317,45.0
Europe,Gelatin,0.024440179142674344,191.0
Europe,Apple_brandy,0.0017914267434420985,14.0
Europe,Goat_cheese,0.005246321177223289,41.0
Europe,Chervil,0.003071017274472169,24.0
Europe,Crab,0.00946896992962252,74.0
Europe,Gruyere_cheese,0.002687140115163148,21.0
Europe,Blue_cheese,0.006142034548944338,48.0
Europe,Oyster,0.0029430582213691623,23.000000000000004
Europe,Octopus,0.00012795905310300704,1.0
Europe,Papaya,0.0007677543186180423,6.0
Europe,Caviar,0.00038387715930902113,3.0
Europe,Soy_sauce,0.03160588611644274,247.0
Europe,Peanut_oil,0.004606525911708253,36.0
Europe,Lime,0.02712731925783749,212.0
Europe,Black_bean,0.013563659628918746,106.0
Europe,Oat,0.02098528470889316,164.00000000000003
Europe,Buttermilk,0.02712731925783749,212.0
Europe,Pork_sausage,0.02584772872680742,202.0
Europe,Star_anise,0.0015355086372360845,12.0
Europe,Shrimp,0.02802303262955854,219.0
Europe,Roquefort_cheese,0.0010236724248240564,8.0
Europe,Celery_oil,0.015866922584772868,123.99999999999996
Europe,Cured_pork,0.003838771593090211,30.0
Europe,Grapefruit,0.001919385796545105,14.999999999999996
Europe,Tangerine,0.0007677543186180423,6.0
Europe,Cheddar_cheese,0.06423544465770953,501.99999999999994
Europe,Lentil,0.003966730646193218,30.999999999999996
Europe,Mutton,0.00012795905310300704,1.0
Europe,Smoked_sausage,0.003838771593090211,30.0
Europe,Berry,0.002431222008957134,19.0
Europe,Camembert_cheese,0.0007677543186180423,6.0
Europe,Salmon_roe,0.0007677543186180423,6.0
Europe,Pear_brandy,0.00038387715930902113,3.0
Europe,Juniper_berry,0.0011516314779270633,9.0
Europe,Sauerkraut,0.0017914267434420985,14.0
Europe,Bourbon_whiskey,0.003710812539987204,28.999999999999996
Europe,Lingonberry,0.0005118362124120282,4.0
Europe,Wood,0.00038387715930902113,3.0
Europe,Brussels_sprout,0.0011516314779270633,9.0
Europe,Sour_cherry,0.0010236724248240564,8.0
Europe,Popcorn,0.0016634676903390913,12.999999999999998
Europe,Tamarind,0.027511196417146517,215.00000000000003
Europe,Kumquat,0.0002559181062060141,2.0
Europe,Blueberry,0.00780550223928343,61.0
Europe,Cherry_brandy,0.0010236724248240564,8.0
Europe,Cashew,0.0029430582213691623,23.000000000000004
Europe,Nectarine,0.0007677543186180423,6.0
Europe,Rose,0.0006397952655150353,5.000000000000001
Europe,Black_currant,0.0002559181062060141,2.0
Europe,Bergamot,0.00012795905310300704,1.0
Europe,Bartlett_pear,0.0007677543186180423,6.0
Europe,Pork_liver,0.00012795905310300704,1.0
Europe,Port_wine,0.00038387715930902113,3.0
Europe,Litchi,0.00038387715930902113,3.0
Europe,Brown_rice,0.005502239283429303,43.00000000000001
Europe,Seaweed,0.0007677543186180423,6.0
Europe,Chamomile,0.00012795905310300704,1.0
Europe,Munster_cheese,0.0006397952655150353,5.000000000000001
Europe,Kiwi,0.0015355086372360845,12.0
Europe,Melon,0.0017914267434420985,14.0
Europe,Romano_cheese,0.0017914267434420985,14.0
Europe,Brassica,0.0012795905310300705,10.000000000000002
Europe,Kale,0.0012795905310300705,10.000000000000002
Europe,Oatmeal,0.0010236724248240564,8.0
Europe,Beef_liver,0.00012795905310300704,1.0
Europe,Corn_grit,0.0031989763275751763,25.000000000000004
Europe,Sheep_cheese,0.00012795905310300704,1.0
Europe,Cassava,0.00038387715930902113,3.0
Europe,Pimento,0.005758157389635317,45.0
Europe,Palm,0.0021753039027511195,17.0
Europe,Roasted_peanut,0.0029430582213691623,23.000000000000004
Europe,Peanut,0.007037747920665387,55.0
Europe,Katsuobushi,0.00012795905310300704,1.0
Europe,Tequila,0.003838771593090211,30.0
Europe,Chayote,0.0016634676903390913,12.999999999999998
Europe,Watermelon,0.0014075495841330773,11.0
Europe,Passion_fruit,0.0002559181062060141,2.0
Europe,Guava,0.0002559181062060141,2.0
Europe,Lime_peel_oil,0.0016634676903390913,12.999999999999998
Europe,Prickly_pear,0.0005118362124120282,4.0
Europe,Sesame_oil,0.007165706973768394,56.0
Europe,Peanut_butter,0.014203454894433781,111.0
Europe,Okra,0.002431222008957134,19.0
Europe,Licorice,0.0002559181062060141,2.0
Europe,Catfish,0.0015355086372360845,12.0
Europe,Red_kidney_bean,0.0020473448496481127,16.0
Europe,Lovage,0.0028150991682661546,22.0
Europe,Galanga,0.002687140115163148,21.0
Europe,Thai_pepper,0.002303262955854127,18.000000000000004
Europe,Squid,0.0008957133717210493,7.0
Europe,Roasted_sesame_seed,0.0006397952655150353,5.000000000000001
Europe,Macadamia_nut,0.001919385796545105,14.999999999999996
Europe,Holy_basil,0.0002559181062060141,2.0
Europe,Herring,0.0008957133717210493,7.0
Europe,Rye_bread,0.002559181062060141,20.000000000000004
Europe,Roasted_pork,0.002303262955854127,18.000000000000004
South America,Butter,0.22093023255813954,76.0
South America,Chicken_broth,0.09883720930232558,34.0
South America,Dill,0.0755813953488372,26.0
South America,Egg,0.23837209302325585,82.00000000000001
South America,Lemon_juice,0.2267441860465116,77.99999999999999
South America,Milk,0.14534883720930233,50.0
South America,Nutmeg,0.0436046511627907,15.0
South America,Onion,0.4680232558139535,161.0
South America,Wheat,0.2761627906976744,95.0
South America,Feta_cheese,0.1686046511627907,58.0
South America,Macaroni,0.061046511627906974,21.0
South America,Olive_oil,0.4796511627906977,165.0
South America,Parsley,0.16569767441860464,56.99999999999999
South America,Scallion,0.09011627906976744,30.999999999999996
South America,Tomato,0.38372093023255816,132.0
South America,Chicken,0.10465116279069768,36.0
South America,Olive,0.09883720930232558,34.0
South America,Oregano,0.2267441860465116,77.99999999999999
South America,Shallot,0.02616279069767442,9.0
South America,Black_pepper,0.17732558139534885,61.0
South America,Chive,0.01453488372093023,4.999999999999999
South America,Cream_cheese,0.02906976744186046,9.999999999999998
South America,Lemon_peel,0.034883720930232565,12.000000000000002
South America,Shrimp,0.0377906976744186,13.0
South America,Zucchini,0.03197674418604651,11.0
South America,Garlic,0.4796511627906977,165.0
South America,Honey,0.08139534883720931,28.000000000000004
South America,Lamb,0.07267441860465118,25.000000000000007
South America,Red_wine,0.0872093023255814,30.0
South America,Vinegar,0.1482558139534884,51.000000000000014
South America,Bell_pepper,0.13372093023255813,45.99999999999999
South America,Lettuce,0.05232558139534884,18.0
South America,Cheese,0.09883720930232558,34.0
South America,Lard,0.020348837209302327,7.000000000000001
South America,Marjoram,0.008720930232558141,3.0000000000000004
South America,Thyme,0.04941860465116279,17.0
South America,Basil,0.0436046511627907,15.0
South America,Goat_cheese,0.0029069767441860465,1.0
South America,Wine,0.02906976744186046,9.999999999999998
South America,Artichoke,0.02325581395348837,7.999999999999999
South America,Lemon,0.09593023255813954,33.0
South America,Potato,0.06395348837209303,22.0
South America,Rosemary,0.03197674418604651,11.0
South America,Bean,0.06686046511627906,22.999999999999996
South America,Cured_pork,0.005813953488372093,2.0
South America,Fennel,0.02616279069767442,9.0
South America,Savory,0.0029069767441860465,1.0
South America,Bread,0.11918604651162792,41.00000000000001
South America,Whole_grain_wheat_flour,0.01453488372093023,4.999999999999999
South America,Anise_seed,0.01453488372093023,4.999999999999999
South America,Cinnamon,0.09302325581395347,31.999999999999996
South America,Cream,0.1482558139534884,51.000000000000014
South America,Fig,0.008720930232558141,3.0000000000000004
South America,Gelatin,0.008720930232558141,3.0000000000000004
South America,Orange,0.034883720930232565,12.000000000000002
South America,Yogurt,0.09883720930232558,34.0
South America,Bay,0.04941860465116279,17.0
South America,Pea,0.020348837209302327,7.000000000000001
South America,Asparagus,0.0029069767441860465,1.0
South America,Celery,0.034883720930232565,12.000000000000002
South America,Leek,0.005813953488372093,2.0
South America,Apricot,0.011627906976744186,4.0
South America,Orange_juice,0.02906976744186046,9.999999999999998
South America,Walnut,0.03197674418604651,11.0
South America,Rice,0.06686046511627906,22.999999999999996
South America,Coriander,0.01453488372093023,4.999999999999999
South America,Lima_bean,0.005813953488372093,2.0
South America,Pepper,0.11627906976744184,39.99999999999999
South America,Cayenne,0.2790697674418605,96.00000000000001
South America,Mint,0.07848837209302326,27.0
South America,Roasted_sesame_seed,0.0029069767441860465,1.0
South America,Sesame_seed,0.020348837209302327,7.000000000000001
South America,Grape_juice,0.020348837209302327,7.000000000000001
South America,Squid,0.008720930232558141,3.0000000000000004
South America,White_wine,0.055232558139534885,19.0
South America,Carrot,0.0377906976744186,13.0
South America,Mussel,0.0029069767441860465,1.0
South America,Parmesan_cheese,0.02616279069767442,9.0
South America,Citrus,0.005813953488372093,2.0
South America,Cucumber,0.08139534883720931,28.000000000000004
South America,Fish,0.0377906976744186,13.0
South America,Scallop,0.008720930232558141,3.0000000000000004
South America,Prawn,0.0029069767441860465,1.0
South America,White_bread,0.005813953488372093,2.0
South America,Green_bell_pepper,0.06686046511627906,22.999999999999996
South America,Beet,0.008720930232558141,3.0000000000000004
South America,Raisin,0.020348837209302327,7.000000000000001
South America,Vegetable,0.01453488372093023,4.999999999999999
South America,Brassica,0.005813953488372093,2.0
South America,Mustard,0.02616279069767442,9.0
South America,Starch,0.02616279069767442,9.0
South America,Beer,0.0029069767441860465,1.0
South America,Almond,0.0436046511627907,15.0
South America,Milk_fat,0.05813953488372092,19.999999999999996
South America,Vegetable_oil,0.11627906976744184,39.99999999999999
South America,Orange_peel,0.017441860465116282,6.000000000000001
South America,Vanilla,0.07848837209302326,27.0
South America,Beef,0.0872093023255814,30.0
South America,Cumin,0.125,43.0
South America,Veal,0.008720930232558141,3.0000000000000004
South America,Pork,0.034883720930232565,12.000000000000002
South America,Roasted_beef,0.0029069767441860465,1.0
South America,Coffee,0.005813953488372093,2.0
South America,Cauliflower,0.0029069767441860465,1.0
South America,Cherry,0.008720930232558141,3.0000000000000004
South America,Sage,0.008720930232558141,3.0000000000000004
South America,Cheddar_cheese,0.09593023255813954,33.0
South America,Anise,0.02325581395348837,7.999999999999999
South America,Ouzo,0.020348837209302327,7.000000000000001
South America,Nut,0.020348837209302327,7.000000000000001
South America,Plum,0.005813953488372093,2.0
South America,Currant,0.01453488372093023,4.999999999999999
South America,Ham,0.017441860465116282,6.000000000000001
South America,Chickpea,0.02616279069767442,9.0
South America,Grape,0.005813953488372093,2.0
South America,Pear,0.008720930232558141,3.0000000000000004
South America,Rose,0.0029069767441860465,1.0
South America,Strawberry,0.005813953488372093,2.0
South America,Brandy,0.005813953488372093,2.0
South America,Romano_cheese,0.0029069767441860465,1.0
South America,Wheat_bread,0.0029069767441860465,1.0
South America,Tomato_juice,0.0029069767441860465,1.0
South America,Endive,0.0029069767441860465,1.0
South America,Watercress,0.0029069767441860465,1.0
South America,Cottage_cheese,0.008720930232558141,3.0000000000000004
South America,Star_anise,0.005813953488372093,2.0
South America,Mushroom,0.02906976744186046,9.999999999999998
South America,Clove,0.0029069767441860465,1.0
South America,Ginger,0.01453488372093023,4.999999999999999
South America,Rum,0.005813953488372093,2.0
South America,Meat,0.011627906976744186,4.0
South America,Beef_broth,0.011627906976744186,4.0
South America,Egg_noodle,0.0029069767441860465,1.0
South America,Pumpkin,0.0029069767441860465,1.0
South America,Cilantro,0.07267441860465118,25.000000000000007
South America,Seed,0.005813953488372093,2.0
South America,Corn,0.10755813953488373,37.00000000000001
South America,Yeast,0.011627906976744186,4.0
South America,Pistachio,0.0029069767441860465,1.0
South America,Clam,0.0029069767441860465,1.0
South America,Saffron,0.005813953488372093,2.0
South America,Liver,0.0029069767441860465,1.0
South America,Soybean,0.0029069767441860465,1.0
South America,Sherry,0.005813953488372093,2.0
South America,Juniper_berry,0.0029069767441860465,1.0
South America,Date,0.008720930232558141,3.0000000000000004
South America,Orange_flower,0.0029069767441860465,1.0
South America,Cardamom,0.005813953488372093,2.0
South America,Tuna,0.0029069767441860465,1.0
South America,Apple,0.008720930232558141,3.0000000000000004
South America,Cane_molasses,0.055232558139534885,19.0
South America,Cider,0.011627906976744186,4.0
South America,Mace,0.0029069767441860465,1.0
South America,Banana,0.005813953488372093,2.0
South America,Macadamia_nut,0.0029069767441860465,1.0
South America,Pecan,0.02325581395348837,7.999999999999999
South America,Coconut,0.0029069767441860465,1.0
South America,Cocoa,0.017441860465116282,6.000000000000001
South America,Buttermilk,0.01453488372093023,4.999999999999999
South America,Bourbon_whiskey,0.008720930232558141,3.0000000000000004
South America,Avocado,0.020348837209302327,7.000000000000001
South America,Mango,0.008720930232558141,3.0000000000000004
South America,Passion_fruit,0.0029069767441860465,1.0
South America,Sweet_potato,0.0029069767441860465,1.0
South America,Peanut_oil,0.0029069767441860465,1.0
South America,Turkey,0.011627906976744186,4.0
South America,Squash,0.005813953488372093,2.0
South America,Blackberry,0.0029069767441860465,1.0
South America,Tarragon,0.0029069767441860465,1.0
South America,Peanut,0.005813953488372093,2.0
South America,Peanut_butter,0.0029069767441860465,1.0
South America,Lime_juice,0.02906976744186046,9.999999999999998
South America,Parsnip,0.0029069767441860465,1.0
South America,Peach,0.0029069767441860465,1.0
North America,Bread,0.07961992879334195,3511.0
North America,Chicory,0.002902691793092501,128.00000000000003
North America,Goat_cheese,0.0045127786470734975,199.00000000000003
North America,Lemon_juice,0.08628704900560129,3805.0
North America,Mustard,0.07102523981223212,3131.9999999999995
North America,Nut,0.02319885706510647,1023.0
North America,Olive_oil,0.17352654375581106,7652.0
North America,Tomato,0.17087330203868745,7535.0
North America,Vinegar,0.14112071115948932,6223.000000000001
North America,Wine,0.017892373630859243,789.0
North America,Avocado,0.011134544300065764,491.0
North America,Crab,0.009819262081320723,432.99999999999994
North America,Egg,0.36281379685692905,15999.0
North America,Lime_juice,0.0260561942989319,1149.0
North America,Shallot,0.02081774270358528,918.0000000000001
North America,Vegetable_oil,0.19253010408871352,8490.0
North America,Wasabi,0.00285733723382543,125.99999999999999
North America,Wheat,0.36199741479012176,15963.0
North America,Beef,0.08730752658911038,3850.0000000000005
North America,Cilantro,0.03970791663832007,1751.0000000000002
North America,Garlic,0.30412499716534,13411.0
North America,Milk,0.2223053722475452,9803.000000000002
North America,Mint,0.016327641336145317,720.0
North America,Rice,0.06964192575458647,3070.9999999999995
North America,Watercress,0.0026078871578565435,115.0
North America,Yeast,0.05936911808059505,2618.0
North America,Butter,0.3587772410821598,15821.0
North America,Chive,0.02254121595573395,994.0
North America,Lettuce,0.020636324466517,910.0000000000001
North America,Bell_pepper,0.1032496541714856,4553.000000000001
North America,Black_pepper,0.17481914869492254,7708.999999999999
North America,Chicken,0.09265936458262466,4086.0
North America,Chicken_broth,0.06143275052724675,2709.0
North America,Olive,0.030115427353334695,1328.0
North America,Rosemary,0.03410662856883688,1504.0
North America,White_wine,0.038052475225072,1678.0
North America,Blue_cheese,0.0071433430845635765,315.00000000000006
North America,Cheddar_cheese,0.05084246093838583,2242.0
North America,Cream,0.17325441640020864,7640.0
North America,Macaroni,0.05794044946368234,2555.0
North America,Milk_fat,0.015488581989704516,683.0
North America,Celery,0.06213574619588634,2740.0
North America,Corn,0.08259065242533506,3642.0
North America,Lemon_peel,0.012903372111481506,569.0
North America,Onion,0.3120847223167109,13762.000000000002
North America,Pepper,0.15810599360500716,6972.000000000001
North America,Tarragon,0.007982402431004378,352.00000000000006
North America,Apple,0.04109123069596572,1812.0000000000005
North America,Pork,0.037508220513867166,1654.0000000000005
North America,Raisin,0.032519218994489424,1434.0000000000002
North America,Basil,0.06950586207678527,3065.0000000000005
North America,Cheese,0.05732816291357689,2528.0
North America,Fennel,0.015964804862008755,704.0000000000001
North America,Parmesan_cheese,0.05923305440279384,2612.0
North America,Pork_sausage,0.02326688890400708,1026.0000000000002
North America,Provolone_cheese,0.0032882055468625984,145.0
North America,Cayenne,0.14093929292242102,6215.0
North America,Coriander,0.02653241717123614,1170.0
North America,Cumin,0.05222577499603148,2303.0000000000005
North America,Blueberry,0.007982402431004378,352.00000000000006
North America,Cinnamon,0.09633308388325736,4248.0
North America,Vanilla,0.15538472004898293,6852.0
North America,Almond,0.03950382112161825,1742.0
North America,Berry,0.0032882055468625984,145.0
North America,Cocoa,0.08277207066240334,3650.0000000000005
North America,Cream_cheese,0.0475996099507903,2099.0
North America,Currant,0.004331360410005216,191.0
North America,Gelatin,0.02435539832641676,1073.9999999999998
North America,Raspberry,0.013515658661586957,596.0
North America,Strawberry,0.018686078418032968,823.9999999999998
North America,Buttermilk,0.029208336167993287,1288.0
North America,Maple_syrup,0.008413270744041544,370.99999999999994
North America,Brandy,0.005873415425085606,259.0
North America,Black_mustard_seed_oil,0.00036283647413656265,16.000000000000004
North America,Cane_molasses,0.1360183232419439,5998.0
North America,Cardamom,0.005964124543619748,263.0
North America,Cider,0.01961584688300792,865.0000000000002
North America,Ginger,0.07925709231920539,3495.0
North America,Orange_peel,0.010295484953624964,454.00000000000006
North America,Quince,0.0004762228723042384,21.0
North America,Seed,0.022518538676100416,993.0000000000001
North America,Star_anise,0.002335759802254121,102.99999999999997
North America,Cranberry,0.015738032065673403,694.0000000000001
North America,Orange,0.02855069505862077,1259.0
North America,Parsley,0.0959702474091208,4232.0
North America,Porcini,0.0019048914892169531,83.99999999999999
North America,Shiitake,0.012359117400276664,545.0
North America,Thyme,0.0512052974125224,2258.0000000000005
North America,Grape_juice,0.014785586321064925,652.0
North America,Saffron,0.003424269224663809,151.0
North America,Mango,0.006667120212259336,293.99999999999994
North America,Orange_juice,0.029185658888359757,1287.0000000000002
North America,Carrot,0.06474363335374289,2855.0000000000005
North America,Fig,0.0022223734040864463,98.00000000000003
North America,Bean,0.03285937818899245,1449.0
North America,Tuna,0.00805043426990498,354.99999999999994
North America,Cured_pork,0.005986801823253282,264.0
North America,Mushroom,0.05979998639363221,2636.9999999999995
North America,Red_wine,0.023788466335578386,1049.0
North America,Cherry,0.01870875569766651,825.0
North America,Liver,0.0007256729482731253,32.00000000000001
North America,Meat,0.017166700682586116,757.0
North America,Leek,0.006508379254824591,287.0
North America,Oyster,0.008277207066240334,365.0
North America,Sage,0.015942127582375218,703.0
North America,Turkey,0.015828741184207542,698.0
North America,Squash,0.010091389436923144,444.9999999999999
North America,Chickpea,0.0068258611696940825,300.99999999999994
North America,Feta_cheese,0.010182098555457288,449.00000000000006
North America,Oregano,0.05438011656121732,2398.0000000000005
North America,Vegetable,0.03292741002789305,1452.0
North America,Zucchini,0.01911694673107014,843.0
North America,Bacon,0.038052475225072,1678.0
North America,Lima_bean,0.0024718234800553325,109.0
North America,Parsnip,0.002381114361521192,105.0
North America,Turnip,0.003174819148694923,140.0
North America,Pear,0.008617366260743359,379.9999999999999
North America,Banana,0.017007959725151373,750.0000000000001
North America,Fruit,0.00852665714220922,376.0
North America,Kiwi,0.0019048914892169531,83.99999999999999
North America,Pineapple,0.027915731228881784,1231.0
North America,Peanut,0.008458625303308615,373.0
North America,Peanut_butter,0.017075991564051974,752.9999999999999
North America,Black_bean,0.008118466108805587,358.0
North America,Green_bell_pepper,0.04258793115177903,1877.9999999999998
North America,Honey,0.04471959543733134,1972.0
North America,Lime,0.0181191464271946,799.0000000000002
North America,Scallop,0.005125065197178947,226.0
North America,Lemon,0.05277002970723632,2327.0
North America,Mussel,0.002902691793092501,128.00000000000003
North America,Coffee,0.01265392203551262,558.0
North America,Scallion,0.0873302038687439,3851.0
North America,Potato,0.06116062317164433,2697.0
North America,Bay,0.023516338979975963,1037.0
North America,Corn_flake,0.003923169376601583,173.0
North America,Lovage,0.002358437081887657,104.00000000000001
North America,Tabasco_pepper,0.016826541488083088,741.9999999999999
North America,Fenugreek,0.015057713676667348,664.0
North America,Turmeric,0.020885774542485882,920.9999999999999
North America,Beer,0.005487901671315509,242.0
North America,Walnut,0.0467605506043495,2062.0
North America,Cucumber,0.03285937818899245,1449.0
North America,Radish,0.010431548631426174,460.0
North America,Sesame_oil,0.03544458806721545,1562.9999999999995
North America,Soy_sauce,0.07426809079982766,3275.0
North America,White_bread,0.006485701975191056,286.0
North America,Bourbon_whiskey,0.002494500759688868,110.00000000000001
North America,Nutmeg,0.04331360410005216,1910.0
North America,Sweet_potato,0.009365716488650021,413.0
North America,Coconut,0.02963920448103045,1306.9999999999998
North America,Citrus,0.003242850987595528,143.0
North America,Hazelnut,0.0050116787990112715,221.00000000000003
North America,Mozzarella_cheese,0.024899653037621608,1098.0
North America,Ham,0.02263192507426809,997.9999999999999
North America,Date,0.006531056534458127,288.00000000000006
North America,Marjoram,0.009275007370115879,408.9999999999999
North America,Rum,0.010386194072159105,458.00000000000006
North America,Starch,0.04957253327890786,2186.0
North America,Romano_cheese,0.005374515273147833,237.0
North America,Smoke,0.007664920516134884,338.0
North America,Pumpkin,0.014422749846928363,636.0
North America,Veal,0.0032655282672290637,144.00000000000003
North America,Armagnac,9.070911853414063e-05,3.9999999999999996
North America,Bitter_orange,0.0011792185409438285,52.00000000000001
North America,Plum,0.004807583282309454,212.0
North America,Corn_grit,0.002948046352359571,130.0
North America,Apricot,0.010590289588860921,467.00000000000006
North America,Bartlett_pear,0.00034015919450302743,15.0
North America,Lard,0.05190829308116198,2289.0
North America,Mace,0.0021543415651858397,94.99999999999997
North America,Peach,0.009411071047917092,415.0
North America,Beef_broth,0.0161235458194435,711.0
North America,Oat,0.02197428396489557,969.0
North America,Fish,0.03601152005805384,1588.0
North America,Anise,0.0039004920969680475,172.0
North America,Nectarine,0.0009751230242420119,43.0
North America,Salmon,0.007800984193936095,344.0
North America,Roquefort_cheese,0.00031748191486949233,14.000000000000004
North America,Rye_flour,0.0022223734040864463,98.00000000000003
North America,Sherry,0.011724153570537679,517.0
North America,Brassica,0.0022223734040864463,98.00000000000003
North America,Cabbage,0.018822142095834184,830.0
North America,Endive,0.0018822142095834184,83.0
North America,Sassafras,0.00040819103340363286,17.999999999999996
North America,Dill,0.01836859650316348,810.0
North America,Yogurt,0.017348118919654397,764.9999999999999
North America,Peppermint,0.002267727963353516,100.0
North America,Grapefruit,0.00210898700591877,93.0
North America,Caviar,0.000566931990838379,25.0
North America,Salmon_roe,0.00020409551670181643,8.999999999999998
North America,Smoked_salmon,0.0016100868539809965,71.0
North America,Roasted_beef,0.0037190738598997662,164.0
North America,Cod,0.0033789146653967392,149.0
North America,Pecan,0.037689638750935436,1662.0
North America,Black_currant,0.00020409551670181643,8.999999999999998
North America,Lamb,0.008413270744041544,370.99999999999994
North America,Pea,0.021203256457355376,935.0
North America,Barley,0.004920969680477129,216.99999999999997
North America,Soybean,0.024060593691180802,1060.9999999999998
North America,Cognac,0.0006803183890060549,30.0
North America,Clam,0.008503979862575686,375.00000000000006
North America,Lobster,0.0020182778873846295,89.0
North America,Blackberry,0.002948046352359571,130.0
Asia,Cheddar_cheese,0.04405377456049638,213.0
Asia,Oat,0.02357807652533609,114.0
Asia,Buckwheat,0.0014477766287487074,7.0
Asia,Cherry_brandy,0.0008273009307135469,3.9999999999999996
Asia,Roasted_pork,0.0031023784901758012,14.999999999999998
Asia,Gruyere_cheese,0.00041365046535677346,1.9999999999999998
Asia,Corn_grit,0.001034126163391934,5.0
Asia,Rhubarb,0.00392967942088935,19.000000000000004
Asia,Parsnip,0.001861427094105481,9.0
Asia,Peanut_butter,0.0312306101344364,151.0
Asia,Oatmeal,0.0014477766287487074,7.0
Asia,Macadamia_nut,0.0014477766287487074,7.0
Asia,Nectarine,0.00041365046535677346,1.9999999999999998
Asia,Concord_grape,0.00041365046535677346,1.9999999999999998
Asia,Apple_brandy,0.00041365046535677346,1.9999999999999998
Asia,Rutabaga,0.0006204756980351603,3.0
Asia,Mozzarella_cheese,0.015098241985522232,72.99999999999999
Asia,Lingonberry,0.00020682523267838678,1.0
Asia,Wasabi,0.0012409513960703205,6.0
Asia,Lavender,0.0006204756980351603,3.0
Asia,Bartlett_pear,0.00041365046535677346,1.9999999999999998
Asia,Tequila,0.002688728024819028,13.0
Asia,Bergamot,0.00020682523267838678,1.0
Asia,Kumquat,0.00041365046535677346,1.9999999999999998
Asia,Chayote,0.00020682523267838678,1.0
Asia,Bourbon_whiskey,0.002481902792140641,12.0
Europe,Laurel,0.0002559181062060141,2.0
Europe,Peppermint,0.002687140115163148,21.0
Europe,Green_tea,0.0005118362124120282,4.0
Europe,Concord_grape,0.0002559181062060141,2.0
Europe,Tomato_juice,0.0033269353806781826,25.999999999999996
Europe,Wasabi,0.00038387715930902113,3.0
Europe,Smoked_fish,0.00012795905310300704,1.0
North America,Egg_noodle,0.005601288069483185,247.0
North America,Artichoke,0.006621765652992267,292.0
North America,Shrimp,0.029503140803229244,1301.0
North America,Potato_chip,0.0011792185409438285,52.00000000000001
North America,Sesame_seed,0.015035036397033812,663.0
North America,Swiss_cheese,0.008821461777445177,388.99999999999994
North America,Celery_oil,0.017710955393790962,781.0
North America,Horseradish,0.006961924847495296,307.00000000000006
North America,Sour_cherry,0.0009297684649749416,41.0
North America,Pear_brandy,0.00018141823706828132,8.000000000000002
North America,Yam,0.0015193777354468561,67.00000000000001
North America,Cherry_brandy,0.0004989001519377736,22.000000000000004
North America,Smoked_fish,0.0001133863981676758,5.0
North America,Chamomile,4.535455926707032e-05,1.9999999999999998
North America,Tea,0.0018595369299498831,82.0
North America,Lime_peel_oil,0.0019956006077510944,88.00000000000001
North America,Apple_brandy,0.0004762228723042384,21.0
North America,Pistachio,0.003583010182098556,158.00000000000003
North America,Grape,0.005986801823253282,264.0
North America,Champagne_wine,0.0016781186928816018,74.0
North America,Flower,0.0005215774315713087,23.0
North America,Kale,0.0017688278114157425,78.0
North America,Brussels_sprout,0.0017461505317822074,77.0
North America,Passion_fruit,0.00031748191486949233,14.000000000000004
North America,Pimento,0.004422069528539356,195.0
North America,Brown_rice,0.006032156382520353,266.0
North America,Kidney_bean,0.007007279406762365,309.0
North America,Whole_grain_wheat_flour,0.012948726670748577,571.0
North America,Smoked_sausage,0.004852937841576525,214.00000000000003
North America,Asparagus,0.008277207066240334,365.0
North America,Melon,0.002834659954191895,125.0
North America,Watermelon,0.001972923328117559,86.99999999999999
North America,Cauliflower,0.005964124543619748,263.0
North America,Root,0.0016554414132480667,73.0
North America,Roasted_peanut,0.002993400911626641,132.0
North America,Broccoli,0.016803864208449554,741.0
North America,Red_kidney_bean,0.0008617366260743361,38.0
North America,Tamarind,0.029004240651291476,1279.0000000000002
North America,Beet,0.003991201215502189,176.00000000000003
North America,Black_raspberry,0.00015874095743474614,7.0
North America,Chicken_liver,0.0008617366260743361,38.0
North America,Anise_seed,0.0012926049391115042,57.0
North America,Chayote,0.000272127355602422,12.000000000000004
North America,Palm,0.0005896092704719142,26.000000000000004
North America,Rhubarb,0.002789305394924825,123.0
North America,Juniper_berry,0.0005215774315713087,23.0
North America,Tomato_juice,0.002834659954191895,125.0
North America,Whiskey,0.0027439508356577546,121.0
North America,Cereal,0.003333560106129669,147.00000000000003
North America,Cashew,0.003537655622831485,156.0
North America,Tequila,0.0021996961244529108,97.0
North America,Papaya,0.0009751230242420119,43.0
North America,Cottage_cheese,0.006168220060321564,272.0
North America,Rye_bread,0.0014967004558133206,66.0
North America,Sauerkraut,0.003673719300632696,162.0
North America,Tangerine,0.0010204775835090825,45.000000000000014
North America,Popcorn,0.0015874095743474614,70.0
North America,Lemongrass,0.002358437081887657,104.00000000000001
North America,Oatmeal,0.0009978003038755472,44.00000000000001
North America,Cabernet_sauvignon_wine,0.0002267727963353516,10.0
North America,Lingonberry,9.070911853414063e-05,3.9999999999999996
North America,Roasted_pork,0.0020863097262852352,92.00000000000001
North America,Okra,0.0016327641336145314,71.99999999999999
North America,Catfish,0.0012245731002108989,54.00000000000001
North America,Malt,0.0006122865501054492,26.999999999999993
North America,Truffle,0.0008163820668072657,35.99999999999999
North America,Rutabaga,0.0006122865501054492,26.999999999999993
North America,Savory,0.00210898700591877,93.0
North America,Lentil,0.004104587613669864,181.0
North America,Bergamot,0.0001133863981676758,5.0
North America,Macadamia_nut,0.0017461505317822074,77.0
North America,Mandarin_peel,0.00031748191486949233,14.000000000000004
North America,Gruyere_cheese,0.0004989001519377736,22.000000000000004
North America,Licorice,0.00038551375377009775,17.0
North America,Thai_pepper,0.0019956006077510944,88.00000000000001
North America,Lavender,0.0008163820668072657,35.99999999999999
North America,Kumquat,0.0006576411093725198,29.000000000000004
North America,Wheat_bread,0.0016327641336145314,71.99999999999999
North America,Camembert_cheese,0.00013606367780121098,6.000000000000001
North America,Chervil,0.0006122865501054492,26.999999999999993
North America,Jasmine,0.00013606367780121098,6.000000000000001
North America,Wood,0.0006576411093725198,29.000000000000004
North America,Bone_oil,0.0008163820668072657,35.99999999999999
North America,Prickly_pear,0.00031748191486949233,14.000000000000004
North America,Seaweed,0.004490101367439962,198.0
North America,Buckwheat,0.0017688278114157425,78.0
North America,Chinese_cabbage,0.003764428419166837,166.0
North America,Peanut_oil,0.0056466426287502544,248.99999999999997
North America,Clove,0.00013606367780121098,6.000000000000001
North America,Rose,0.0009297684649749416,41.0
North America,Mandarin,0.004784906002675919,211.0
North America,Guava,0.0002267727963353516,10.0
North America,Sake,0.014513458965462503,640.0
North America,Caraway,0.004308683130371679,189.99999999999994
North America,Violet,0.00013606367780121098,6.000000000000001
North America,Squid,0.0050116787990112715,221.00000000000003
North America,Huckleberry,0.00020409551670181643,8.999999999999998
North America,Balm,6.803183890060549e-05,3.0000000000000004
North America,Roasted_sesame_seed,0.013107467628183322,578.0
North America,Herring,4.535455926707032e-05,1.9999999999999998
North America,Haddock,0.0005896092704719142,26.000000000000004
North America,Sturgeon_caviar,2.267727963353516e-05,0.9999999999999999
North America,Condiment,0.00020409551670181643,8.999999999999998
North America,Black_tea,0.0007710275075401955,34.0
North America,Geranium,2.267727963353516e-05,0.9999999999999999
North America,Pelargonium,2.267727963353516e-05,0.9999999999999999
North America,Gin,0.0013152822187450393,58.0
North America,Roasted_nut,2.267727963353516e-05,0.9999999999999999
North America,Concord_grape,0.00018141823706828132,8.000000000000002
North America,Spearmint,0.0001133863981676758,5.0
North America,Prawn,0.0002948046352359571,13.000000000000002
North America,Muscat_grape,2.267727963353516e-05,0.9999999999999999
North America,Peppermint_oil,0.00015874095743474614,7.0
North America,Roasted_pecan,2.267727963353516e-05,0.9999999999999999
North America,Cacao,0.000566931990838379,25.0
North America,Frankfurter,0.0007029956686395901,31.000000000000004
North America,Roasted_meat,0.00015874095743474614,7.0
North America,Octopus,0.0009524457446084768,42.0
North America,Sunflower_oil,9.070911853414063e-05,3.9999999999999996
North America,Cassava,0.0002494500759688868,11.000000000000002
North America,Sumac,0.0002267727963353516,10.0
North America,Orange_flower,0.00020409551670181643,8.999999999999998
North America,Kohlrabi,6.803183890060549e-05,3.0000000000000004
North America,Rapeseed,6.803183890060549e-05,3.0000000000000004
North America,Grape_brandy,0.00015874095743474614,7.0
North America,Shellfish,0.0006122865501054492,26.999999999999993
North America,Roasted_almond,4.535455926707032e-05,1.9999999999999998
North America,Leaf,6.803183890060549e-05,3.0000000000000004
North America,Katsuobushi,0.0013606367780121095,59.99999999999999
North America,Ouzo,4.535455926707032e-05,1.9999999999999998
North America,Green_tea,0.0005896092704719142,26.000000000000004
North America,Beech,2.267727963353516e-05,0.9999999999999999
North America,Litchi,0.00015874095743474614,7.0
North America,Sour_milk,0.0007029956686395901,31.000000000000004
North America,Blackberry_brandy,4.535455926707032e-05,1.9999999999999998
North America,Port_wine,0.0009297684649749416,41.0
North America,Galanga,0.00043086831303716807,19.0
North America,Mung_bean,0.0004535455926707032,20.0
North America,Holy_basil,2.267727963353516e-05,0.9999999999999999
North America,Jasmine_tea,4.535455926707032e-05,1.9999999999999998
North America,Kelp,0.004059233054402794,179.0
North America,Nira,0.0015193777354468561,67.00000000000001
North America,Enokidake,0.002403791641154727,106.0
North America,Mackerel,0.0009978003038755472,44.00000000000001
North America,Eel,0.0004535455926707032,20.0
North America,Matsutake,0.0012926049391115042,57.0
North America,Gardenia,0.00020409551670181643,8.999999999999998
North America,Red_bean,0.0007483502279066603,33.0
North America,Japanese_plum,0.0002948046352359571,13.000000000000002
North America,Black_sesame_seed,0.0005896092704719142,26.000000000000004
North America,Beef_liver,0.00018141823706828132,8.000000000000002
North America,Artemisia,0.0002948046352359571,13.000000000000002
North America,Citrus_peel,9.070911853414063e-05,3.9999999999999996
North America,Sea_algae,9.070911853414063e-05,3.9999999999999996
North America,Red_algae,4.535455926707032e-05,1.9999999999999998
North America,Raw_beef,4.535455926707032e-05,1.9999999999999998
North America,Kaffir_lime,2.267727963353516e-05,0.9999999999999999
North America,Long_pepper,4.535455926707032e-05,1.9999999999999998
North America,Strawberry_jam,2.267727963353516e-05,0.9999999999999999
North America,Strawberry_juice,4.535455926707032e-05,1.9999999999999998
North America,Jamaican_rum,2.267727963353516e-05,0.9999999999999999
North America,Emmental_cheese,2.267727963353516e-05,0.9999999999999999
North America,Sheep_cheese,2.267727963353516e-05,0.9999999999999999
North America,Carob,0.0001133863981676758,5.0
North America,Coconut_oil,0.000272127355602422,12.000000000000004
North America,Hop,4.535455926707032e-05,1.9999999999999998
North America,Elderberry,6.803183890060549e-05,3.0000000000000004
North America,Roasted_hazelnut,2.267727963353516e-05,0.9999999999999999
North America,Munster_cheese,0.0004762228723042384,21.0
North America,Mate,2.267727963353516e-05,0.9999999999999999
North America,Pork_liver,6.803183890060549e-05,3.0000000000000004
North America,Lilac_flower_oil,2.267727963353516e-05,0.9999999999999999
North America,Baked_potato,0.0001133863981676758,5.0
North America,Angelica,2.267727963353516e-05,0.9999999999999999
North America,Carnation,2.267727963353516e-05,0.9999999999999999
Africa,Bean,0.03833333333333333,23.0
Africa,Garlic,0.2433333333333333,145.99999999999997
Africa,Grape_juice,0.013333333333333334,8.0
Africa,Sesame_oil,0.0033333333333333327,1.9999999999999996
Africa,Soy_sauce,0.03666666666666667,22.0
Africa,Almond,0.04,24.0
Africa,Bay,0.015,9.0
Africa,Bread,0.08,48.0
Africa,Butter,0.4033333333333333,242.0
Africa,Chive,0.016666666666666666,10.0
Africa,Cider,0.02333333333333333,13.999999999999998
Africa,Cream,0.16666666666666666,100.0
Africa,Egg,0.40166666666666667,241.0
Africa,Fish,0.006666666666666667,4.0
Africa,Lemon_juice,0.07833333333333334,47.0
Africa,Pepper,0.22,132.0
Africa,Shallot,0.011666666666666669,7.000000000000002
Africa,Thyme,0.045,27.0
Africa,Vegetable_oil,0.19833333333333333,119.0
Africa,Vinegar,0.145,87.0
Africa,White_wine,0.02333333333333333,13.999999999999998
Africa,Brandy,0.008333333333333333,5.0
Africa,Cocoa,0.11833333333333332,70.99999999999999
Africa,Coffee,0.02,12.0
Africa,Milk,0.265,159.0
Africa,Vanilla,0.18333333333333326,109.99999999999996
Africa,Beef,0.095,57.0
Africa,Cayenne,0.07833333333333334,47.0
Africa,Cumin,0.02666666666666667,16.0
Africa,Kidney_bean,0.006666666666666667,4.0
Africa,Olive_oil,0.12,72.0
Africa,Onion,0.3083333333333333,184.99999999999997
Africa,Tomato,0.15666666666666668,94.0
Africa,Bell_pepper,0.08166666666666668,49.00000000000001
Africa,Chicken_broth,0.035,21.000000000000004
Africa,Parsley,0.07833333333333334,47.0
Africa,Pork,0.03166666666666667,19.0
Africa,Rosemary,0.03333333333333333,20.0
Africa,Sherry,0.011666666666666669,7.000000000000002
Africa,Wheat,0.39166666666666666,235.0
Africa,Apricot,0.008333333333333333,5.0
Africa,Coconut,0.021666666666666667,13.0
Africa,Cucumber,0.016666666666666666,10.0
Africa,Gelatin,0.01833333333333333,10.999999999999998
Africa,Lard,0.06666666666666668,40.00000000000001
Africa,Mustard,0.09666666666666666,58.0
Africa,Cream_cheese,0.08333333333333333,50.0
Africa,Black_pepper,0.13,78.0
Africa,Celery_oil,0.02333333333333333,13.999999999999998
Africa,Corn,0.07666666666666666,46.0
Africa,Olive,0.02,12.0
Africa,Rye_bread,0.0033333333333333327,1.9999999999999996
Africa,Sauerkraut,0.005,3.0
Africa,Swiss_cheese,0.015,9.0
Africa,Tabasco_pepper,0.006666666666666667,4.0
Africa,Beef_broth,0.01,6.0
Africa,Carrot,0.07,42.00000000000001
Africa,Celery,0.061666666666666675,37.00000000000001
Africa,Chicken,0.10833333333333334,65.0
Africa,Green_bell_pepper,0.061666666666666675,37.00000000000001
Africa,Nutmeg,0.05666666666666665,33.99999999999999
Africa,Pork_sausage,0.03166666666666667,19.0
Africa,Scallion,0.055,33.0
Africa,Turkey,0.01,6.0
Africa,Basil,0.06,36.0
Africa,Pea,0.01833333333333333,10.999999999999998
Africa,Potato,0.08333333333333333,50.0
Africa,Banana,0.02,12.0
Africa,Blueberry,0.013333333333333334,8.0
Africa,Honey,0.05,30.0
Africa,Seed,0.028333333333333325,16.999999999999996
Africa,Soybean,0.008333333333333333,5.0
Africa,Yogurt,0.008333333333333333,5.0
Africa,Cheese,0.05166666666666666,30.999999999999996
Africa,Meat,0.015,9.0
Africa,Pumpkin,0.013333333333333334,8.0
Africa,Rice,0.035,21.000000000000004
Africa,Dill,0.01833333333333333,10.999999999999998
Africa,Bacon,0.043333333333333335,26.0
Africa,Lettuce,0.013333333333333334,8.0
Africa,Cane_molasses,0.16666666666666666,100.0
Africa,Cilantro,0.006666666666666667,4.0
Africa,Smoke,0.0033333333333333327,1.9999999999999996
Africa,Yeast,0.075,45.0
Africa,Fennel,0.01,6.0
Africa,Oregano,0.043333333333333335,26.0
Africa,Tomato_juice,0.006666666666666667,4.0
Africa,Macaroni,0.045,27.0
Africa,Mushroom,0.061666666666666675,37.00000000000001
Africa,Red_wine,0.013333333333333334,8.0
Africa,Artichoke,0.011666666666666669,7.000000000000002
Africa,Cheddar_cheese,0.065,39.0
Africa,Rye_flour,0.0016666666666666668,1.0
Africa,Clam,0.0033333333333333327,1.9999999999999996
Africa,Broccoli,0.025,15.0
Africa,Ham,0.03333333333333333,20.0
Africa,White_bread,0.01,6.0
Africa,Corn_flake,0.011666666666666669,7.000000000000002
Africa,Peanut_butter,0.021666666666666667,13.0
Africa,Starch,0.04666666666666667,28.0
Africa,Lima_bean,0.0016666666666666668,1.0
Africa,Cranberry,0.021666666666666667,13.0
Africa,Grapefruit,0.0033333333333333327,1.9999999999999996
Africa,Peppermint,0.0033333333333333327,1.9999999999999996
Africa,Whole_grain_wheat_flour,0.016666666666666666,10.0
Africa,Walnut,0.065,39.0
Africa,Mozzarella_cheese,0.03166666666666667,19.0
Africa,Parmesan_cheese,0.05166666666666666,30.999999999999996
Africa,Veal,0.0016666666666666668,1.0
Africa,Asparagus,0.011666666666666669,7.000000000000002
Africa,Chickpea,0.005,3.0
Africa,Feta_cheese,0.013333333333333334,8.0
Africa,Zucchini,0.02333333333333333,13.999999999999998
Africa,Whiskey,0.005,3.0
Africa,Brown_rice,0.006666666666666667,4.0
Africa,Tamarind,0.03333333333333333,20.0
Africa,Shrimp,0.011666666666666669,7.000000000000002
Africa,Shiitake,0.0016666666666666668,1.0
Africa,Crab,0.008333333333333333,5.0
Africa,Lobster,0.0016666666666666668,1.0
Africa,Orange,0.02666666666666667,16.0
Africa,Orange_juice,0.03333333333333333,20.0
Africa,Cinnamon,0.12,72.0
Africa,Pear,0.0033333333333333327,1.9999999999999996
Africa,Mint,0.01,6.0
Africa,Radish,0.005,3.0
Africa,Oat,0.03166666666666667,19.0
Africa,Pecan,0.04,24.0
Africa,Cabbage,0.02666666666666667,16.0
Africa,Vegetable,0.025,15.0
Africa,Apple,0.05,30.0
Africa,Cottage_cheese,0.008333333333333333,5.0
Africa,Raisin,0.045,27.0
Africa,Raspberry,0.01,6.0
Africa,Buttermilk,0.03166666666666667,19.0
Africa,Cherry,0.02333333333333333,13.999999999999998
Africa,Ginger,0.03666666666666667,22.0
Africa,Lime_juice,0.013333333333333334,8.0
Africa,Lime_peel_oil,0.0016666666666666668,1.0
Africa,Melon,0.008333333333333333,5.0
Africa,Okra,0.0033333333333333327,1.9999999999999996
Africa,Beer,0.008333333333333333,5.0
Africa,Parsnip,0.0033333333333333327,1.9999999999999996
Africa,Turnip,0.0016666666666666668,1.0
Africa,Sweet_potato,0.013333333333333334,8.0
Africa,Kale,0.0016666666666666668,1.0
Africa,Bourbon_whiskey,0.0033333333333333327,1.9999999999999996
Africa,Nut,0.011666666666666669,7.000000000000002
Africa,Black_bean,0.006666666666666667,4.0
Africa,Lime,0.025,15.0
Africa,Chayote,0.0016666666666666668,1.0
Africa,Squash,0.006666666666666667,4.0
Africa,Potato_chip,0.0033333333333333327,1.9999999999999996
Africa,Pineapple,0.03,18.0
Africa,Strawberry,0.011666666666666669,7.000000000000002
Africa,Mango,0.0016666666666666668,1.0
Africa,Pistachio,0.008333333333333333,5.0
Africa,Lemon,0.05333333333333334,32.0
Africa,Brussels_sprout,0.0033333333333333327,1.9999999999999996
Africa,Roasted_peanut,0.0033333333333333327,1.9999999999999996
Africa,Horseradish,0.008333333333333333,5.0
Africa,Blue_cheese,0.0033333333333333327,1.9999999999999996
Africa,Provolone_cheese,0.0033333333333333327,1.9999999999999996
Africa,Roasted_beef,0.013333333333333334,8.0
Africa,Rum,0.011666666666666669,7.000000000000002
Africa,Hazelnut,0.0033333333333333327,1.9999999999999996
Africa,Sage,0.008333333333333333,5.0
Africa,Savory,0.0016666666666666668,1.0
Africa,Cashew,0.0016666666666666668,1.0
Africa,Palm,0.0016666666666666668,1.0
Africa,Egg_noodle,0.0033333333333333327,1.9999999999999996
Africa,Fruit,0.008333333333333333,5.0
Africa,Port_wine,0.0016666666666666668,1.0
Africa,Salmon,0.005,3.0
Africa,Turmeric,0.013333333333333334,8.0
Africa,Rhubarb,0.0033333333333333327,1.9999999999999996
Africa,Rose,0.0016666666666666668,1.0
Africa,Mandarin,0.006666666666666667,4.0
Africa,Catfish,0.0016666666666666668,1.0
Africa,Cardamom,0.005,3.0
Africa,Sake,0.0033333333333333327,1.9999999999999996
Africa,Wine,0.013333333333333334,8.0
Africa,Smoked_salmon,0.0016666666666666668,1.0
Africa,Date,0.005,3.0
Africa,Marjoram,0.005,3.0
Africa,Avocado,0.0033333333333333327,1.9999999999999996
Africa,Cauliflower,0.005,3.0
Africa,Berry,0.005,3.0
Africa,Coriander,0.011666666666666669,7.000000000000002
Africa,Fenugreek,0.011666666666666669,7.000000000000002
Africa,Maple_syrup,0.008333333333333333,5.0
Africa,Romano_cheese,0.0016666666666666668,1.0
Africa,Orange_peel,0.011666666666666669,7.000000000000002
Africa,Peach,0.01,6.0
Africa,Black_tea,0.005,3.0
Africa,Lemon_peel,0.005,3.0
Africa,Tuna,0.006666666666666667,4.0
Africa,Peanut,0.011666666666666669,7.000000000000002
Africa,Roasted_meat,0.0016666666666666668,1.0
Africa,Barley,0.0016666666666666668,1.0
Africa,Macadamia_nut,0.005,3.0
Africa,Sesame_seed,0.006666666666666667,4.0
Africa,Lamb,0.0016666666666666668,1.0
Africa,Cereal,0.005,3.0
Africa,Lemongrass,0.0016666666666666668,1.0
Africa,Smoked_sausage,0.005,3.0
Africa,Citrus,0.0016666666666666668,1.0
Africa,Oatmeal,0.0033333333333333327,1.9999999999999996
Africa,Sour_milk,0.0033333333333333327,1.9999999999999996
Africa,Lentil,0.0033333333333333327,1.9999999999999996
Africa,Bitter_orange,0.0016666666666666668,1.0
Africa,Grape,0.0016666666666666668,1.0
Africa,Pimento,0.005,3.0
Europe,Soybean_oil,0.00012795905310300704,1.0
Europe,Sake,0.001919385796545105,14.999999999999996
Europe,Cereal,0.004606525911708253,36.0
Europe,Provolone_cheese,0.0015355086372360845,12.0
Europe,Potato_chip,0.0006397952655150353,5.000000000000001
Europe,Gin,0.0007677543186180423,6.0
Europe,Hop,0.00012795905310300704,1.0
Europe,Malt,0.0011516314779270633,9.0
Europe,Spearmint,0.00012795905310300704,1.0
Europe,Frankfurter,0.0006397952655150353,5.000000000000001
Europe,Elderberry,0.00012795905310300704,1.0
Europe,Black_tea,0.0002559181062060141,2.0
Europe,Roasted_meat,0.00038387715930902113,3.0
Europe,Cacao,0.0008957133717210493,7.0
Europe,Sour_milk,0.0010236724248240564,8.0
Europe,Wheat_bread,0.0007677543186180423,6.0
Europe,Black_raspberry,0.00012795905310300704,1.0
Europe,Blackberry_brandy,0.00012795905310300704,1.0
Europe,Baked_potato,0.00012795905310300704,1.0
Europe,Coconut_oil,0.0002559181062060141,2.0
Europe,Haddock,0.0002559181062060141,2.0
Europe,Prawn,0.0002559181062060141,2.0
Europe,Huckleberry,0.00012795905310300704,1.0
North America,Mutton,2.267727963353516e-05,0.9999999999999999
Asia,Mandarin,0.005584281282316443,27.0
Asia,Swiss_cheese,0.008893485005170631,43.0
Asia,Rye_bread,0.0008273009307135469,3.9999999999999996
Asia,Sauerkraut,0.0012409513960703205,6.0
Asia,Smoked_salmon,0.001034126163391934,5.0
Asia,Cereal,0.003722854188210962,18.0
Asia,Popcorn,0.002688728024819028,13.0
Asia,Red_kidney_bean,0.0008273009307135469,3.9999999999999996
Asia,Sake,0.004963805584281282,24.0
Asia,Brown_rice,0.006825232678386763,33.0
Asia,Peppermint_oil,0.00041365046535677346,1.9999999999999998
Asia,Provolone_cheese,0.001861427094105481,9.0
Asia,Elderberry,0.00020682523267838678,1.0
Asia,Rye_flour,0.0016546018614270938,7.999999999999999
Asia,Port_wine,0.0008273009307135469,3.9999999999999996
Asia,Carob,0.00041365046535677346,1.9999999999999998
Asia,Litchi,0.00041365046535677346,1.9999999999999998
Asia,Roquefort_cheese,0.00020682523267838678,1.0
Asia,Carnation,0.00041365046535677346,1.9999999999999998
Asia,Sour_milk,0.001034126163391934,5.0
Asia,Sumac,0.0006204756980351603,3.0
Asia,Beef_liver,0.00020682523267838678,1.0
Asia,Leaf,0.00020682523267838678,1.0
Asia,Haddock,0.0006204756980351603,3.0
Asia,Roasted_sesame_seed,0.002688728024819028,13.0
Asia,Flower,0.00020682523267838678,1.0
Africa,Milk_fat,0.0033333333333333327,1.9999999999999996
Africa,Currant,0.0033333333333333327,1.9999999999999996
Africa,Popcorn,0.0016666666666666668,1.0
Africa,Baked_potato,0.0033333333333333327,1.9999999999999996
Africa,Thai_pepper,0.0016666666666666668,1.0
Africa,Fig,0.0016666666666666668,1.0
Africa,Goat_cheese,0.0016666666666666668,1.0
Africa,Green_tea,0.0016666666666666668,1.0
Africa,Champagne_wine,0.0016666666666666668,1.0
Africa,Watermelon,0.0016666666666666668,1.0
Africa,Gin,0.0016666666666666668,1.0
Africa,Tarragon,0.0016666666666666668,1.0
Asia,Whiskey,0.0022750775594622538,10.999999999999996
Asia,Citrus,0.001861427094105481,9.0
Asia,Mutton,0.00020682523267838678,1.0
Asia,Malt,0.00041365046535677346,1.9999999999999998
Asia,Frankfurter,0.00020682523267838678,1.0
Asia,Licorice,0.00041365046535677346,1.9999999999999998
Asia,Cabernet_sauvignon_wine,0.00041365046535677346,1.9999999999999998
Asia,Roasted_meat,0.0006204756980351603,3.0
Asia,Potato_chip,0.0012409513960703205,6.0
Asia,Gin,0.0006204756980351603,3.0
Asia,Blackberry_brandy,0.00020682523267838678,1.0
Asia,Soybean_oil,0.00020682523267838678,1.0
Asia,Herring,0.00020682523267838678,1.0
Asia,Liver,0.00041365046535677346,1.9999999999999998
Asia,Clove,0.00020682523267838678,1.0
Asia,Prickly_pear,0.00041365046535677346,1.9999999999999998
Europe,Roasted_almond,0.00012795905310300704,1.0
Asia,Wood,0.00020682523267838678,1.0
Asia,Orange_flower,0.0006204756980351603,3.0
Asia,Baked_potato,0.00020682523267838678,1.0
Asia,Tangerine,0.00020682523267838678,1.0
Asia,Chervil,0.00020682523267838678,1.0
Asia,Pimenta,0.00041365046535677346,1.9999999999999998
South America,Lime,0.020348837209302327,7.000000000000001
South America,Black_bean,0.020348837209302327,7.000000000000001
South America,Cabbage,0.005813953488372093,2.0
South America,Celery_oil,0.005813953488372093,2.0
South America,Roasted_meat,0.0029069767441860465,1.0
South America,Fenugreek,0.0029069767441860465,1.0
South America,Mandarin,0.0029069767441860465,1.0
South America,Soy_sauce,0.0029069767441860465,1.0
South America,Turmeric,0.0029069767441860465,1.0
South America,Pork_sausage,0.0029069767441860465,1.0
South America,Bacon,0.011627906976744186,4.0
South America,Tabasco_pepper,0.01453488372093023,4.999999999999999
South America,Tamarind,0.017441860465116282,6.000000000000001
South America,Kidney_bean,0.011627906976744186,4.0
South America,Munster_cheese,0.0029069767441860465,1.0
South America,Yam,0.0029069767441860465,1.0
South America,Oat,0.0029069767441860465,1.0
South America,Mozzarella_cheese,0.008720930232558141,3.0000000000000004
South America,Crab,0.0029069767441860465,1.0
South America,Red_kidney_bean,0.0029069767441860465,1.0
South America,Pineapple,0.005813953488372093,2.0
South America,Brown_rice,0.0029069767441860465,1.0
South America,Corn_grit,0.008720930232558141,3.0000000000000004
South America,Tequila,0.005813953488372093,2.0
South America,Papaya,0.0029069767441860465,1.0
Europe,Durian,0.00012795905310300704,1.0
Asia,Green_tea,0.0008273009307135469,3.9999999999999996
Asia,Katsuobushi,0.00041365046535677346,1.9999999999999998
