continent,ingredient,prevalence,count,category
Asia,Basil,0.06018614270941055,291.0,Plant
Europe,Basil,0.05604606525911708,438.0,Plant
South America,Basil,0.0436046511627907,15.0,Plant
North America,Basil,0.06950586207678527,3065.0000000000005,Plant
Africa,Basil,0.06,36.0,Plant
Asia,Carrot,0.0655635987590486,317.0,Fruit
Europe,Carrot,0.06269993602047345,490.00000000000006,Fruit
South America,Carrot,0.0377906976744186,13.0,Fruit
North America,Carrot,0.06474363335374289,2855.0000000000005,Fruit
Africa,Carrot,0.07,42.00000000000001,Fruit
Asia,Cayenne,0.14022750775594622,678.0,Spice
Europe,Cayenne,0.1621241202815099,1267.0,Spice
South America,Cayenne,0.2790697674418605,96.0,Spice
North America,Cayenne,0.14093929292242102,6215.0,Spice
Africa,Cayenne,0.07833333333333334,47.0,Spice
Asia,Cilantro,0.06370217166494313,308.00000000000006,Plant
Europe,Cilantro,0.05182341650671785,405.0,Plant
South America,Cilantro,0.07267441860465118,25.00000000000001,Plant
North America,Cilantro,0.039707916638320066,1751.0000000000002,Plant
Africa,Cilantro,0.006666666666666667,4.0,Plant
Asia,Cucumber,0.04074457083764218,197.0,Plant
Europe,Cucumber,0.028662827895073576,224.0,Plant
South America,Cucumber,0.08139534883720931,28.000000000000004,Plant
North America,Cucumber,0.03285937818899245,1449.0,Plant
Africa,Cucumber,0.016666666666666666,10.0,Plant
Asia,Fish,0.048190279214064116,233.0,Fish
Europe,Fish,0.035188739603326934,275.0,Fish
South America,Fish,0.0377906976744186,13.0,Fish
North America,Fish,0.03601152005805384,1588.0,Fish
Africa,Fish,0.006666666666666667,4.0,Fish
Asia,Garlic,0.3042399172699069,1470.9999999999998,Plant
Europe,Garlic,0.290722968650032,2272.0,Plant
South America,Garlic,0.4796511627906977,165.0,Plant
North America,Garlic,0.30412499716534,13411.0,Plant
Africa,Garlic,0.2433333333333333,145.99999999999997,Plant
Asia,Lettuce,0.02068252326783868,100.0,Vegetable
Europe,Lettuce,0.022392834293026232,175.0,Vegetable
South America,Lettuce,0.05232558139534884,18.0,Vegetable
North America,Lettuce,0.020636324466516996,910.0,Vegetable
Africa,Lettuce,0.013333333333333334,8.0,Vegetable
Asia,Lime_juice,0.03412616339193381,164.99999999999997,Fruit
Europe,Lime_juice,0.03710812539987205,290.00000000000006,Fruit
South America,Lime_juice,0.02906976744186046,9.999999999999998,Fruit
North America,Lime_juice,0.0260561942989319,1149.0,Fruit
Africa,Lime_juice,0.013333333333333334,8.0,Fruit
Asia,Mint,0.029576008273009307,143.0,Plant
Europe,Mint,0.017146513115802942,134.0,Plant
South America,Mint,0.07848837209302326,27.0,Plant
North America,Mint,0.016327641336145317,720.0,Plant
Africa,Mint,0.01,6.0,Plant
Asia,Olive_oil,0.16504653567735264,798.0,Edible oil
Europe,Olive_oil,0.1581573896353167,1236.0,Edible oil
South America,Olive_oil,0.4796511627906977,165.0,Edible oil
North America,Olive_oil,0.17352654375581106,7652.0,Edible oil
Africa,Olive_oil,0.12,72.0,Edible oil
Asia,Rice,0.07921406411582213,383.0,Grain
Europe,Rice,0.049904030710172735,390.0,Grain
South America,Rice,0.06686046511627906,23.0,Grain
North America,Rice,0.06964192575458647,3070.9999999999995,Grain
Africa,Rice,0.035,21.000000000000004,Grain
Asia,Seed,0.03019648397104447,146.0,Plant
Europe,Seed,0.02405630198336532,188.0,Plant
South America,Seed,0.005813953488372093,2.0,Plant
North America,Seed,0.022518538676100416,993.0,Plant
Africa,Seed,0.028333333333333325,16.999999999999996,Plant
Asia,Shiitake,0.004343329886246122,21.0,Fungus
Europe,Shiitake,0.003582853486884197,28.0,Fungus
North America,Shiitake,0.012359117400276664,545.0,Fungus
Africa,Shiitake,0.0016666666666666668,1.0,Fungus
Asia,Shrimp,0.031023784901758014,150.0,Animal
Europe,Shrimp,0.02802303262955854,219.0,Animal
South America,Shrimp,0.0377906976744186,13.0,Animal
North America,Shrimp,0.029503140803229244,1301.0,Animal
Africa,Shrimp,0.011666666666666669,7.000000000000003,Animal
Asia,Vinegar,0.14415718717683554,696.9999999999997,Condiment
Europe,Vinegar,0.13294945617402432,1039.0,Condiment
South America,Vinegar,0.1482558139534884,51.00000000000002,Condiment
North America,Vinegar,0.14112071115948932,6223.000000000001,Condiment
Africa,Vinegar,0.145,87.0,Condiment
Asia,Black_pepper,0.1547052740434333,748.0,Spice
Europe,Black_pepper,0.16596289187460012,1297.0,Spice
South America,Black_pepper,0.17732558139534885,61.0,Spice
North America,Black_pepper,0.17481914869492254,7708.999999999999,Spice
Africa,Black_pepper,0.13,78.0,Spice
Asia,Onion,0.31830403309203725,1539.0000000000002,Vegetable
Europe,Onion,0.327319257837492,2558.0,Vegetable
South America,Onion,0.4680232558139535,161.0,Vegetable
North America,Onion,0.3120847223167109,13762.000000000002,Vegetable
Africa,Onion,0.3083333333333333,185.0,Vegetable
Asia,Soy_sauce,0.05853154084798345,282.99999999999994,Condiment
Europe,Soy_sauce,0.03160588611644274,247.0,Condiment
North America,Soy_sauce,0.07426809079982766,3275.0,Condiment
Africa,Soy_sauce,0.03666666666666667,22.0,Condiment
South America,Soy_sauce,0.0029069767441860465,1.0,Condiment
Asia,Thai_pepper,0.0062047569803516025,30.0,Plant
Europe,Thai_pepper,0.002303262955854127,18.000000000000004,Plant
North America,Thai_pepper,0.0019956006077510944,88.00000000000001,Plant
Africa,Thai_pepper,0.0016666666666666668,1.0,Plant
Asia,Bean,0.03474663908996898,168.00000000000003,Legume
Europe,Bean,0.04350607805502239,339.99999999999994,Legume
South America,Bean,0.06686046511627906,23.0,Legume
North America,Bean,0.03285937818899245,1449.0,Legume
Africa,Bean,0.03833333333333333,23.0,Legume
Asia,Beef_broth,0.01158221302998966,56.0,Others
Europe,Beef_broth,0.009341010876519514,73.0,Others
South America,Beef_broth,0.011627906976744186,4.0,Others
North America,Beef_broth,0.0161235458194435,711.0,Others
Africa,Beef_broth,0.01,6.0,Others
Asia,Ginger,0.09596690796277146,464.0,Spice
Europe,Ginger,0.052463211772232884,410.0,Spice
South America,Ginger,0.01453488372093023,4.999999999999999,Spice
North America,Ginger,0.07925709231920539,3495.0,Spice
Africa,Ginger,0.03666666666666667,22.0,Spice
Asia,Lime,0.027300930713547045,131.99999999999997,Fruit
Europe,Lime,0.02712731925783749,212.0,Fruit
North America,Lime,0.0181191464271946,799.0000000000003,Fruit
Africa,Lime,0.025,15.0,Fruit
South America,Lime,0.020348837209302327,7.000000000000001,Fruit
Asia,Pea,0.023371251292657703,113.0,Vegetable
Europe,Pea,0.015866922584772868,123.99999999999996,Vegetable
South America,Pea,0.020348837209302327,7.000000000000001,Vegetable
North America,Pea,0.021203256457355376,935.0,Vegetable
Africa,Pea,0.01833333333333333,10.999999999999998,Vegetable
Asia,Roasted_beef,0.005170630816959669,25.0,Meat
Europe,Roasted_beef,0.003838771593090211,30.0,Meat
South America,Roasted_beef,0.0029069767441860465,1.0,Meat
North America,Roasted_beef,0.0037190738598997662,164.0,Meat
Africa,Roasted_beef,0.013333333333333334,8.0,Meat
Asia,Shallot,0.018407445708376415,88.99999999999999,Plant
Europe,Shallot,0.03672424824056302,287.0,Plant
South America,Shallot,0.02616279069767442,9.0,Plant
North America,Shallot,0.02081774270358528,918.0,Plant
Africa,Shallot,0.011666666666666669,7.000000000000003,Plant
Asia,Vegetable_oil,0.20889348500517066,1010.0,Edible oil
Europe,Vegetable_oil,0.1957773512476008,1530.0000000000002,Edible oil
South America,Vegetable_oil,0.11627906976744184,39.99999999999999,Edible oil
North America,Vegetable_oil,0.19253010408871352,8490.0,Edible oil
Africa,Vegetable_oil,0.19833333333333333,119.0,Edible oil
Asia,Coriander,0.05873836608066184,284.0,Plant
Europe,Coriander,0.0272552783109405,213.0,Plant
South America,Coriander,0.01453488372093023,4.999999999999999,Plant
North America,Coriander,0.02653241717123614,1170.0,Plant
Africa,Coriander,0.011666666666666669,7.000000000000003,Plant
Asia,Lemon,0.05563598759048604,269.0,Fruit
Europe,Lemon,0.05182341650671785,405.0,Fruit
South America,Lemon,0.09593023255813954,33.0,Fruit
North America,Lemon,0.05277002970723632,2327.0,Fruit
Africa,Lemon,0.05333333333333334,32.0,Fruit
Asia,Peanut,0.015511892450879009,75.00000000000001,Legume
Europe,Peanut,0.007037747920665387,55.0,Legume
South America,Peanut,0.005813953488372093,2.0,Legume
North America,Peanut,0.008458625303308615,373.0,Legume
Africa,Peanut,0.011666666666666669,7.000000000000003,Legume
Asia,Scallion,0.07094105480868666,343.0,Vegetable
Europe,Scallion,0.0690978886756238,540.0,Vegetable
South America,Scallion,0.09011627906976744,31.0,Vegetable
North America,Scallion,0.0873302038687439,3851.0,Vegetable
Africa,Scallion,0.055,33.0,Vegetable
Asia,Beef,0.07631851085832471,369.0,Meat
Europe,Beef,0.0818937939859245,640.0,Meat
South America,Beef,0.0872093023255814,30.0,Meat
North America,Beef,0.08730752658911038,3850.0000000000014,Meat
Africa,Beef,0.095,57.0,Meat
Asia,Lemongrass,0.010548086866597724,50.99999999999999,Plant
Europe,Lemongrass,0.008317338451695458,65.0,Plant
North America,Lemongrass,0.002358437081887657,104.0,Plant
Africa,Lemongrass,0.0016666666666666668,1.0,Plant
Asia,Root,0.0014477766287487074,7.0,Plant
Europe,Root,0.002687140115163148,21.0,Plant
North America,Root,0.0016554414132480667,73.0,Plant
Asia,Sesame_oil,0.0157187176835574,76.00000000000001,Edible oil
Europe,Sesame_oil,0.007165706973768394,56.0,Edible oil
North America,Sesame_oil,0.03544458806721545,1562.9999999999993,Edible oil
Africa,Sesame_oil,0.0033333333333333327,2.0,Edible oil
Asia,Chicken,0.1110651499482937,537.0,Meat
Europe,Chicken,0.09712092130518234,759.0,Meat
South America,Chicken,0.10465116279069768,36.0,Meat
North America,Chicken,0.09265936458262466,4086.0,Meat
Africa,Chicken,0.10833333333333334,65.0,Meat
Asia,Oregano,0.0452947259565667,219.0,Plant
Europe,Oregano,0.05898912348048625,461.00000000000006,Plant
South America,Oregano,0.2267441860465116,77.99999999999999,Plant
North America,Oregano,0.05438011656121732,2398.0000000000005,Plant
Africa,Oregano,0.043333333333333335,26.0,Plant
Asia,Pineapple,0.032885211995863486,158.99999999999994,Fruit
Europe,Pineapple,0.029174664107485607,228.00000000000003,Fruit
North America,Pineapple,0.027915731228881784,1231.0,Fruit
Africa,Pineapple,0.03,18.0,Fruit
South America,Pineapple,0.005813953488372093,2.0,Fruit
Asia,Tomato,0.16339193381592554,790.0,Fruit
Europe,Tomato,0.18259756877799105,1427.0,Fruit
South America,Tomato,0.38372093023255816,132.0,Fruit
North America,Tomato,0.17087330203868745,7535.0,Fruit
Africa,Tomato,0.15666666666666668,94.0,Fruit
Asia,Bread,0.07300930713547052,352.99999999999994,Grain
Europe,Bread,0.08227767114523353,643.0,Grain
South America,Bread,0.11918604651162792,41.00000000000001,Grain
North America,Bread,0.07961992879334195,3511.0,Grain
Africa,Bread,0.08,48.0,Grain
Asia,Butter,0.3530506721820062,1707.0,Spread
Europe,Butter,0.3797824696097249,2968.0,Spread
South America,Butter,0.22093023255813954,76.0,Spread
North America,Butter,0.3587772410821598,15821.0,Spread
Africa,Butter,0.4033333333333333,242.0,Spread
Asia,Egg,0.3536711478800414,1710.0000000000002,Animal produce
Europe,Egg,0.3943698016634677,3082.0,Animal produce
South America,Egg,0.23837209302325585,82.00000000000001,Animal produce
North America,Egg,0.36281379685692905,15999.0,Animal produce
Africa,Egg,0.40166666666666667,241.0,Animal produce
Asia,Lard,0.056670113753877975,274.0,Animal produce
Europe,Lard,0.05783749200255917,452.0,Animal produce
South America,Lard,0.020348837209302327,7.000000000000001,Animal produce
North America,Lard,0.05190829308116198,2289.0,Animal produce
Africa,Lard,0.06666666666666668,40.00000000000001,Animal produce
Asia,Mushroom,0.05356773526370217,259.0,Fungus
Europe,Mushroom,0.05579014715291107,436.0,Fungus
South America,Mushroom,0.02906976744186046,9.999999999999998,Fungus
North America,Mushroom,0.05979998639363221,2636.9999999999995,Fungus
Africa,Mushroom,0.061666666666666675,37.00000000000001,Fungus
Asia,Pork,0.03329886246122027,161.0,Meat
Europe,Pork,0.028918746001279583,226.0,Meat
South America,Pork,0.034883720930232565,12.000000000000002,Meat
North America,Pork,0.037508220513867166,1654.0000000000007,Meat
Africa,Pork,0.03166666666666667,19.0,Meat
Asia,Wheat,0.34146845915201657,1651.0,Grain
Europe,Wheat,0.3777351247600768,2952.0000000000005,Grain
South America,Wheat,0.2761627906976744,95.0,Grain
North America,Wheat,0.36199741479012176,15963.0,Grain
Africa,Wheat,0.39166666666666666,235.0,Grain
Asia,Mango,0.01344364012409514,65.0,Fruit
Europe,Mango,0.007293666026871402,57.00000000000001,Fruit
South America,Mango,0.008720930232558141,3.0000000000000004,Fruit
North America,Mango,0.006667120212259336,293.99999999999994,Fruit
Africa,Mango,0.0016666666666666668,1.0,Fruit
Asia,Chicken_broth,0.06639089968976215,321.0,Others
Europe,Chicken_broth,0.06845809341010876,535.0,Others
South America,Chicken_broth,0.09883720930232558,34.0,Others
North America,Chicken_broth,0.06143275052724675,2709.0,Others
Africa,Chicken_broth,0.035,21.000000000000004,Others
Asia,Coconut,0.04777662874870734,231.0,Fruit
Europe,Coconut,0.0345489443378119,270.0,Fruit
South America,Coconut,0.0029069767441860465,1.0,Fruit
North America,Coconut,0.02963920448103045,1306.9999999999998,Fruit
Africa,Coconut,0.021666666666666667,13.0,Fruit
Asia,Cumin,0.08521199586349534,412.0,Plant
Europe,Cumin,0.06999360204734485,547.0,Plant
South America,Cumin,0.125,43.0,Plant
North America,Cumin,0.05222577499603148,2303.0000000000005,Plant
Africa,Cumin,0.02666666666666667,16.0,Plant
Asia,Fenugreek,0.031644260599793174,153.0,Plant
Europe,Fenugreek,0.01471529110684581,115.0,Plant
North America,Fenugreek,0.015057713676667348,664.0,Plant
Africa,Fenugreek,0.011666666666666669,7.000000000000003,Plant
South America,Fenugreek,0.0029069767441860465,1.0,Plant
Asia,Pepper,0.17394002068252326,841.0,Spice
Europe,Pepper,0.16596289187460012,1297.0,Spice
South America,Pepper,0.11627906976744184,39.99999999999999,Spice
North America,Pepper,0.15810599360500716,6972.000000000001,Spice
Africa,Pepper,0.22,132.0,Spice
Asia,Turmeric,0.054601861427094105,264.0,Plant
Europe,Turmeric,0.01727447216890595,135.0,Plant
North America,Turmeric,0.020885774542485882,921.0,Plant
Africa,Turmeric,0.013333333333333334,8.0,Plant
South America,Turmeric,0.0029069767441860465,1.0,Plant
Asia,Cane_molasses,0.1340227507755946,648.0,Condiment
Europe,Cane_molasses,0.12859884836852206,1005.0,Condiment
South America,Cane_molasses,0.055232558139534885,19.0,Condiment
North America,Cane_molasses,0.1360183232419439,5998.0,Condiment
Africa,Cane_molasses,0.16666666666666666,100.0,Condiment
Asia,Cinnamon,0.11044467425025853,534.0,Spice
Europe,Cinnamon,0.09635316698656428,752.9999999999999,Spice
South America,Cinnamon,0.09302325581395347,32.0,Spice
North America,Cinnamon,0.09633308388325736,4248.0,Spice
Africa,Cinnamon,0.12,72.0,Spice
Asia,Cream,0.16773526370217168,811.0000000000001,Dairy product
Europe,Cream,0.2037108125399872,1592.0,Dairy product
South America,Cream,0.1482558139534884,51.00000000000002,Dairy product
North America,Cream,0.17325441640020864,7640.0,Dairy product
Africa,Cream,0.16666666666666666,100.0,Dairy product
Asia,Milk,0.2324715615305067,1123.9999999999998,Dairy product
Europe,Milk,0.2289187460012796,1789.0,Dairy product
South America,Milk,0.14534883720930233,50.0,Dairy product
North America,Milk,0.2223053722475452,9803.000000000002,Dairy product
Africa,Milk,0.265,159.0,Dairy product
Asia,Milk_fat,0.015511892450879009,75.00000000000001,Dairy product
Europe,Milk_fat,0.02328854766474728,182.0,Dairy product
South America,Milk_fat,0.05813953488372092,20.0,Dairy product
North America,Milk_fat,0.015488581989704516,683.0,Dairy product
Africa,Milk_fat,0.0033333333333333327,2.0,Dairy product
Asia,Nutmeg,0.046742502585315406,226.0,Spice
Europe,Nutmeg,0.04312220089571337,337.0,Spice
South America,Nutmeg,0.0436046511627907,15.0,Spice
North America,Nutmeg,0.04331360410005216,1910.0,Spice
Africa,Nutmeg,0.05666666666666665,33.99999999999999,Spice
Asia,Pumpkin,0.013857290589451914,67.0,Fruit
Europe,Pumpkin,0.01202815099168266,94.0,Fruit
South America,Pumpkin,0.0029069767441860465,1.0,Fruit
North America,Pumpkin,0.014422749846928363,636.0,Fruit
Africa,Pumpkin,0.013333333333333334,8.0,Fruit
Asia,Roasted_peanut,0.009927611168562564,48.0,Legume
Europe,Roasted_peanut,0.0029430582213691627,23.000000000000004,Legume
North America,Roasted_peanut,0.002993400911626641,132.0,Legume
Africa,Roasted_peanut,0.0033333333333333327,2.0,Legume
Asia,Bell_pepper,0.11458117890382627,554.0,Spice
Europe,Bell_pepper,0.10287907869481766,804.0,Spice
South America,Bell_pepper,0.13372093023255813,45.99999999999999,Spice
North America,Bell_pepper,0.1032496541714856,4553.000000000001,Spice
Africa,Bell_pepper,0.08166666666666668,49.00000000000001,Spice
Asia,Cabbage,0.015925542916235786,77.00000000000001,Vegetable
Europe,Cabbage,0.014075495841330775,110.0,Vegetable
North America,Cabbage,0.018822142095834184,830.0,Vegetable
Africa,Cabbage,0.02666666666666667,16.0,Vegetable
South America,Cabbage,0.005813953488372093,2.0,Vegetable
Asia,Macaroni,0.043433298862461216,210.0,Grain
Europe,Macaroni,0.038899552143314135,303.99999999999994,Grain
South America,Macaroni,0.061046511627906974,21.0,Grain
North America,Macaroni,0.05794044946368234,2555.0,Grain
Africa,Macaroni,0.045,27.0,Grain
Asia,Wine,0.01944157187176836,94.0,Alcohol
Europe,Wine,0.01599488163787588,125.0,Alcohol
South America,Wine,0.02906976744186046,9.999999999999998,Alcohol
North America,Wine,0.017892373630859243,789.0,Alcohol
Africa,Wine,0.013333333333333334,8.0,Alcohol
Asia,Mung_bean,0.0008273009307135469,4.0,Legume
North America,Mung_bean,0.0004535455926707032,20.0,Legume
Asia,Soybean,0.013650465356773526,66.0,Plant
Europe,Soybean,0.00818937939859245,64.0,Plant
South America,Soybean,0.0029069767441860465,1.0,Plant
North America,Soybean,0.0240605936911808,1060.9999999999998,Plant
Africa,Soybean,0.008333333333333333,5.0,Plant
Asia,Oyster,0.0045501551189245076,21.999999999999996,Animal
Europe,Oyster,0.0029430582213691627,23.000000000000004,Animal
North America,Oyster,0.008277207066240334,365.0,Animal
Asia,Sherry,0.01902792140641158,92.0,Alcohol
Europe,Sherry,0.011388355726167629,89.00000000000001,Alcohol
South America,Sherry,0.005813953488372093,2.0,Alcohol
North America,Sherry,0.011724153570537679,517.0,Alcohol
Africa,Sherry,0.011666666666666669,7.000000000000003,Alcohol
Asia,Watercress,0.002068252326783868,10.0,Vegetable
Europe,Watercress,0.003071017274472169,24.0,Vegetable
South America,Watercress,0.0029069767441860465,1.0,Vegetable
North America,Watercress,0.0026078871578565435,115.0,Vegetable
Asia,Catfish,0.0008273009307135469,4.0,Fish
Europe,Catfish,0.0015355086372360845,12.0,Fish
North America,Catfish,0.0012245731002108989,54.00000000000001,Fish
Africa,Catfish,0.0016666666666666668,1.0,Fish
Asia,Dill,0.01964839710444674,95.0,Plant
Europe,Dill,0.021625079974408188,169.0,Plant
South America,Dill,0.0755813953488372,26.0,Plant
North America,Dill,0.01836859650316348,810.0,Plant
Africa,Dill,0.01833333333333333,10.999999999999998,Plant
Asia,Yeast,0.059358841778697,287.0,Fungus
Europe,Yeast,0.05732565579014715,448.0,Fungus
South America,Yeast,0.011627906976744186,4.0,Fungus
North America,Yeast,0.05936911808059505,2618.0,Fungus
Africa,Yeast,0.075,45.0,Fungus
Asia,Green_bell_pepper,0.05129265770423992,248.00000000000003,Plant
Europe,Green_bell_pepper,0.05169545745361484,404.0,Plant
South America,Green_bell_pepper,0.06686046511627906,23.0,Plant
North America,Green_bell_pepper,0.04258793115177903,1878.0,Plant
Africa,Green_bell_pepper,0.061666666666666675,37.00000000000001,Plant
Asia,Turkey,0.013650465356773526,66.0,Meat
Europe,Turkey,0.01625079974408189,126.99999999999996,Meat
South America,Turkey,0.011627906976744186,4.0,Meat
North America,Turkey,0.015828741184207542,698.0,Meat
Africa,Turkey,0.01,6.0,Meat
Asia,Orange,0.03536711478800414,171.0,Fruit
Europe,Orange,0.0345489443378119,270.0,Fruit
South America,Orange,0.034883720930232565,12.000000000000002,Fruit
North America,Orange,0.02855069505862077,1259.0,Fruit
Africa,Orange,0.02666666666666667,16.0,Fruit
Asia,Star_anise,0.0033092037228541877,15.999999999999998,Plant
Europe,Star_anise,0.0015355086372360845,12.0,Plant
South America,Star_anise,0.005813953488372093,2.0,Plant
North America,Star_anise,0.002335759802254121,102.99999999999996,Plant
Asia,White_wine,0.03784901758014478,183.0,Alcohol
Europe,White_wine,0.04069097888675624,318.0,Alcohol
South America,White_wine,0.055232558139534885,19.0,Alcohol
North America,White_wine,0.038052475225072,1678.0,Alcohol
Africa,White_wine,0.02333333333333333,13.999999999999998,Alcohol
Asia,Radish,0.004963805584281282,24.0,Vegetable
Europe,Radish,0.005246321177223289,41.0,Vegetable
North America,Radish,0.010431548631426174,460.0,Vegetable
Africa,Radish,0.005,3.0,Vegetable
Asia,Tamarind,0.03350568769389865,162.0,Plant
Europe,Tamarind,0.02751119641714652,215.00000000000003,Plant
North America,Tamarind,0.02900424065129148,1279.0000000000002,Plant
Africa,Tamarind,0.03333333333333333,20.0,Plant
South America,Tamarind,0.017441860465116282,6.000000000000001,Plant
Asia,Crab,0.012616339193381593,61.0,Animal
Europe,Crab,0.00946896992962252,74.0,Animal
North America,Crab,0.009819262081320723,433.0,Animal
Africa,Crab,0.008333333333333333,5.0,Animal
South America,Crab,0.0029069767441860465,1.0,Animal
Asia,Starch,0.04095139607032058,198.00000000000003,Grain
Europe,Starch,0.04081893793985925,319.00000000000006,Grain
South America,Starch,0.02616279069767442,9.0,Grain
North America,Starch,0.049572533278907864,2186.0,Grain
Africa,Starch,0.04666666666666667,28.0,Grain
Asia,Corn,0.07259565667011375,351.0,Grain
Europe,Corn,0.09724888035828536,760.0,Grain
South America,Corn,0.10755813953488373,37.00000000000001,Grain
North America,Corn,0.08259065242533506,3642.0,Grain
Africa,Corn,0.07666666666666666,46.0,Grain
Asia,Brussels_sprout,0.0008273009307135469,4.0,Vegetable
Europe,Brussels_sprout,0.0011516314779270633,9.0,Vegetable
North America,Brussels_sprout,0.0017461505317822074,77.0,Vegetable
Africa,Brussels_sprout,0.0033333333333333327,2.0,Vegetable
Asia,Mandarin_peel,0.00020682523267838678,1.0,Fruit
North America,Mandarin_peel,0.0003174819148694924,14.000000000000005,Fruit
Asia,Sesame_seed,0.01158221302998966,56.0,Plant
Europe,Sesame_seed,0.006525911708253359,51.0,Plant
South America,Sesame_seed,0.020348837209302327,7.000000000000001,Plant
North America,Sesame_seed,0.015035036397033812,663.0,Plant
Africa,Sesame_seed,0.006666666666666667,4.0,Plant
Asia,Grapefruit,0.0022750775594622533,10.999999999999995,Fruit
Europe,Grapefruit,0.001919385796545105,14.999999999999995,Fruit
North America,Grapefruit,0.00210898700591877,93.0,Fruit
Africa,Grapefruit,0.0033333333333333327,2.0,Fruit
Asia,Pecan,0.03971044467425026,192.00000000000003,Plant
Europe,Pecan,0.03736404350607805,291.99999999999994,Plant
South America,Pecan,0.02325581395348837,7.999999999999999,Plant
North America,Pecan,0.037689638750935436,1662.0,Plant
Africa,Pecan,0.04,24.0,Plant
Asia,Papaya,0.0014477766287487074,7.0,Plant
Europe,Papaya,0.0007677543186180423,6.0,Plant
North America,Papaya,0.0009751230242420119,43.0,Plant
South America,Papaya,0.0029069767441860465,1.0,Plant
Asia,Lemon_juice,0.09245087900723888,447.0,Condiment
Europe,Lemon_juice,0.09238643634037108,722.0,Condiment
South America,Lemon_juice,0.2267441860465116,77.99999999999999,Condiment
North America,Lemon_juice,0.08628704900560129,3805.0,Condiment
Africa,Lemon_juice,0.07833333333333334,47.0,Condiment
Asia,Meat,0.01344364012409514,65.0,Meat
Europe,Meat,0.019961612284069098,156.0,Meat
South America,Meat,0.011627906976744186,4.0,Meat
North America,Meat,0.017166700682586116,757.0,Meat
Africa,Meat,0.015,9.0,Meat
Asia,Peanut_oil,0.005377456049638056,26.0,Edible oil
Europe,Peanut_oil,0.004606525911708253,36.0,Edible oil
South America,Peanut_oil,0.0029069767441860465,1.0,Edible oil
North America,Peanut_oil,0.005646642628750254,249.0,Edible oil
Asia,Banana,0.017786970010341262,86.0,Fruit
Europe,Banana,0.018170185540627,142.0,Fruit
South America,Banana,0.005813953488372093,2.0,Fruit
North America,Banana,0.017007959725151373,750.0000000000001,Fruit
Africa,Banana,0.02,12.0,Fruit
Asia,Palm,0.0006204756980351603,3.0,Plant
Europe,Palm,0.0021753039027511195,17.0,Plant
North America,Palm,0.0005896092704719142,26.000000000000004,Plant
Africa,Palm,0.0016666666666666668,1.0,Plant
Asia,Sweet_potato,0.00951396070320579,46.0,Root vegetables
Europe,Sweet_potato,0.008061420345489444,63.00000000000001,Root vegetables
South America,Sweet_potato,0.0029069767441860465,1.0,Root vegetables
North America,Sweet_potato,0.009365716488650021,413.0,Root vegetables
Africa,Sweet_potato,0.013333333333333334,8.0,Root vegetables
Asia,Tea,0.001861427094105481,9.0,Beverage
Europe,Tea,0.002303262955854127,18.000000000000004,Beverage
North America,Tea,0.0018595369299498831,82.0,Beverage
Asia,Squid,0.0014477766287487074,7.0,Animal
Europe,Squid,0.0008957133717210493,7.0,Animal
South America,Squid,0.008720930232558141,3.0000000000000004,Animal
North America,Squid,0.0050116787990112715,221.00000000000003,Animal
Asia,Tabasco_pepper,0.016546018614270942,80.0,Plant
Europe,Tabasco_pepper,0.018682021753039027,146.0,Plant
North America,Tabasco_pepper,0.016826541488083088,741.9999999999999,Plant
Africa,Tabasco_pepper,0.006666666666666667,4.0,Plant
South America,Tabasco_pepper,0.01453488372093023,4.999999999999999,Plant
Asia,Bone_oil,0.0004136504653567735,2.0,Edible oil
Europe,Bone_oil,0.0015355086372360845,12.0,Edible oil
North America,Bone_oil,0.0008163820668072657,35.99999999999999,Edible oil
Asia,Pork_liver,0.00020682523267838678,1.0,Animal produce
Europe,Pork_liver,0.00012795905310300704,1.0,Animal produce
North America,Pork_liver,6.803183890060549e-05,3.0000000000000004,Animal produce
Asia,Black_mustard_seed_oil,0.002895553257497415,14.0,Edible oil
North America,Black_mustard_seed_oil,0.00036283647413656265,16.000000000000004,Edible oil
Asia,Coconut_oil,0.0006204756980351603,3.0,Edible oil
North America,Coconut_oil,0.000272127355602422,12.000000000000005,Edible oil
Europe,Coconut_oil,0.0002559181062060141,2.0,Edible oil
Asia,Almond,0.044881075491209926,217.0,Plant
Europe,Almond,0.04235444657709533,331.00000000000006,Plant
South America,Almond,0.0436046511627907,15.0,Plant
North America,Almond,0.03950382112161825,1742.0,Plant
Africa,Almond,0.04,24.0,Plant
Asia,Cardamom,0.013650465356773526,66.0,Spice
Europe,Cardamom,0.005246321177223289,41.0,Spice
South America,Cardamom,0.005813953488372093,2.0,Spice
North America,Cardamom,0.005964124543619748,263.0,Spice
Africa,Cardamom,0.005,3.0,Spice
Asia,Cashew,0.0062047569803516025,30.0,Nut
Europe,Cashew,0.0029430582213691627,23.000000000000004,Nut
North America,Cashew,0.003537655622831485,156.0,Nut
Africa,Cashew,0.0016666666666666668,1.0,Nut
Asia,Raisin,0.03971044467425026,192.00000000000003,Fruit
Europe,Raisin,0.031349968010236734,245.00000000000009,Fruit
South America,Raisin,0.020348837209302327,7.000000000000001,Fruit
North America,Raisin,0.032519218994489424,1434.0000000000002,Fruit
Africa,Raisin,0.045,27.0,Fruit
Asia,Saffron,0.011168562564632886,54.0,Spice
Europe,Saffron,0.003710812539987204,29.0,Spice
South America,Saffron,0.005813953488372093,2.0,Spice
North America,Saffron,0.003424269224663809,151.0,Spice
Asia,Okra,0.001861427094105481,9.0,Plant
Europe,Okra,0.002431222008957134,19.0,Plant
North America,Okra,0.0016327641336145314,71.99999999999999,Plant
Africa,Okra,0.0033333333333333327,2.0,Plant
Asia,Savory,0.0022750775594622533,10.999999999999995,Others
Europe,Savory,0.0028150991682661546,22.0,Others
South America,Savory,0.0029069767441860465,1.0,Others
North America,Savory,0.00210898700591877,93.0,Others
Africa,Savory,0.0016666666666666668,1.0,Others
Asia,Yogurt,0.03350568769389865,162.0,Dairy product
Europe,Yogurt,0.01164427383237364,91.0,Dairy product
South America,Yogurt,0.09883720930232558,34.0,Dairy product
North America,Yogurt,0.017348118919654397,764.9999999999999,Dairy product
Africa,Yogurt,0.008333333333333333,5.0,Dairy product
Asia,Lamb,0.007238883143743538,35.00000000000001,Meat
Europe,Lamb,0.007165706973768394,56.0,Meat
South America,Lamb,0.07267441860465118,25.00000000000001,Meat
North America,Lamb,0.008413270744041544,371.0,Meat
Africa,Lamb,0.0016666666666666668,1.0,Meat
Asia,Bay,0.02916235780765253,141.0,Plant
Europe,Bay,0.03608445297504798,282.0,Plant
South America,Bay,0.04941860465116279,17.0,Plant
North America,Bay,0.023516338979975963,1037.0,Plant
Africa,Bay,0.015,9.0,Plant
Asia,Celery,0.06204756980351603,300.0,Plant
Europe,Celery,0.06973768394113884,545.0,Plant
South America,Celery,0.034883720930232565,12.000000000000002,Plant
North America,Celery,0.06213574619588634,2740.0,Plant
Africa,Celery,0.061666666666666675,37.00000000000001,Plant
Asia,Vegetable,0.01695966907962771,81.99999999999999,Vegetable
Europe,Vegetable,0.019321817018554063,151.0,Vegetable
South America,Vegetable,0.01453488372093023,4.999999999999999,Vegetable
North America,Vegetable,0.03292741002789305,1452.0,Vegetable
Africa,Vegetable,0.025,15.0,Vegetable
Asia,Buttermilk,0.023371251292657703,113.0,Dairy product
Europe,Buttermilk,0.02712731925783749,212.0,Dairy product
South America,Buttermilk,0.01453488372093023,4.999999999999999,Dairy product
North America,Buttermilk,0.029208336167993287,1288.0,Dairy product
Africa,Buttermilk,0.03166666666666667,19.0,Dairy product
Asia,Cauliflower,0.007445708376421924,36.0,Vegetable
Europe,Cauliflower,0.003838771593090211,30.0,Vegetable
South America,Cauliflower,0.0029069767441860465,1.0,Vegetable
North America,Cauliflower,0.005964124543619748,263.0,Vegetable
Africa,Cauliflower,0.005,3.0,Vegetable
Asia,Potato,0.059152016546018614,286.0,Others
Europe,Potato,0.06474728087012156,506.0,Others
South America,Potato,0.06395348837209303,22.0,Others
North America,Potato,0.06116062317164433,2697.0,Others
Africa,Potato,0.08333333333333333,50.0,Others
Asia,Barley,0.003722854188210962,18.0,Grain
Europe,Barley,0.003966730646193218,31.0,Grain
North America,Barley,0.0049209696804771285,217.0,Grain
Africa,Barley,0.0016666666666666668,1.0,Grain
Asia,Chicory,0.0014477766287487074,7.0,Plant
Europe,Chicory,0.0028150991682661546,22.0,Plant
North America,Chicory,0.002902691793092501,128.00000000000003,Plant
Asia,Feta_cheese,0.00765253360910031,37.0,Dairy product
Europe,Feta_cheese,0.0090850927703135,71.0,Dairy product
South America,Feta_cheese,0.1686046511627907,58.0,Dairy product
North America,Feta_cheese,0.010182098555457288,449.00000000000006,Dairy product
Africa,Feta_cheese,0.013333333333333334,8.0,Dairy product
Asia,Parsley,0.09720785935884177,470.0,Plant
Europe,Parsley,0.09891234804862443,773.0,Plant
South America,Parsley,0.16569767441860464,56.99999999999999,Plant
North America,Parsley,0.0959702474091208,4232.0,Plant
Africa,Parsley,0.07833333333333334,47.0,Plant
Asia,Pear,0.00765253360910031,37.0,Plant
Europe,Pear,0.007933461292386436,61.99999999999999,Plant
South America,Pear,0.008720930232558141,3.0000000000000004,Plant
North America,Pear,0.008617366260743359,379.99999999999983,Plant
Africa,Pear,0.0033333333333333327,2.0,Plant
Asia,Walnut,0.04901758014477766,237.0,Nut
Europe,Walnut,0.05079974408189378,397.0,Nut
South America,Walnut,0.03197674418604651,11.0,Nut
North America,Walnut,0.0467605506043495,2062.0,Nut
Africa,Walnut,0.065,39.0,Nut
Asia,Lentil,0.00765253360910031,37.0,Legume
Europe,Lentil,0.003966730646193218,31.0,Legume
North America,Lentil,0.004104587613669864,181.0,Legume
Africa,Lentil,0.0033333333333333327,2.0,Legume
Asia,Zucchini,0.018407445708376415,88.99999999999999,Fruit
Europe,Zucchini,0.019193857965451054,150.0,Fruit
South America,Zucchini,0.03197674418604651,11.0,Fruit
North America,Zucchini,0.01911694673107014,843.0,Fruit
Africa,Zucchini,0.02333333333333333,13.999999999999998,Fruit
Asia,Coffee,0.007445708376421924,36.0,Beverage
Europe,Coffee,0.014331413947536788,112.0,Beverage
South America,Coffee,0.005813953488372093,2.0,Beverage
North America,Coffee,0.01265392203551262,558.0,Beverage
Africa,Coffee,0.02,12.0,Beverage
Asia,Apple,0.04426059979317477,214.0,Fruit
Europe,Apple,0.04785668586052464,374.00000000000006,Fruit
South America,Apple,0.008720930232558141,3.0000000000000004,Fruit
North America,Apple,0.04109123069596572,1812.0000000000007,Fruit
Africa,Apple,0.05,30.0,Fruit
Asia,Caraway,0.0033092037228541877,15.999999999999998,Plant
Europe,Caraway,0.00345489443378119,27.0,Plant
North America,Caraway,0.0043086831303716785,189.99999999999997,Plant
Asia,Cider,0.01944157187176836,94.0,Beverage
Europe,Cider,0.02034548944337812,159.0,Beverage
South America,Cider,0.011627906976744186,4.0,Beverage
North America,Cider,0.01961584688300792,865.0000000000003,Beverage
Africa,Cider,0.02333333333333333,13.999999999999998,Beverage
Asia,Grape,0.00703205791106515,34.0,Fruit
Europe,Grape,0.005758157389635317,45.0,Fruit
South America,Grape,0.005813953488372093,2.0,Fruit
North America,Grape,0.005986801823253282,264.0,Fruit
Africa,Grape,0.0016666666666666668,1.0,Fruit
Asia,Vanilla,0.1580144777662875,764.0,Spice
Europe,Vanilla,0.16468330134357007,1287.0,Spice
South America,Vanilla,0.07848837209302326,27.0,Spice
North America,Vanilla,0.15538472004898293,6852.0,Spice
Africa,Vanilla,0.18333333333333326,109.99999999999996,Spice
Asia,Orange_juice,0.03412616339193381,164.99999999999997,Fruit
Europe,Orange_juice,0.03147792706333973,246.0,Fruit
South America,Orange_juice,0.02906976744186046,9.999999999999998,Fruit
North America,Orange_juice,0.029185658888359764,1287.0000000000002,Fruit
Africa,Orange_juice,0.03333333333333333,20.0,Fruit
Asia,Apricot,0.009720785935884178,47.0,Fruit
Europe,Apricot,0.013179782469609724,103.0,Fruit
South America,Apricot,0.011627906976744186,4.0,Fruit
North America,Apricot,0.010590289588860921,467.00000000000006,Fruit
Africa,Apricot,0.008333333333333333,5.0,Fruit
Asia,Lime_peel_oil,0.0012409513960703205,6.0,Edible oil
Europe,Lime_peel_oil,0.0016634676903390913,12.999999999999998,Edible oil
North America,Lime_peel_oil,0.0019956006077510944,88.00000000000001,Edible oil
Africa,Lime_peel_oil,0.0016666666666666668,1.0,Edible oil
Asia,Mustard,0.06845915201654602,331.0,Condiment
Europe,Mustard,0.07613563659628919,595.0,Condiment
South America,Mustard,0.02616279069767442,9.0,Condiment
North America,Mustard,0.07102523981223212,3131.9999999999995,Condiment
Africa,Mustard,0.09666666666666666,58.0,Condiment
Asia,Honey,0.04198552223371251,203.0,Condiment
Europe,Honey,0.04158669225847729,325.0,Condiment
South America,Honey,0.08139534883720931,28.000000000000004,Condiment
North America,Honey,0.04471959543733134,1972.0,Condiment
Africa,Honey,0.05,30.0,Condiment
Asia,Pistachio,0.004343329886246122,21.0,Fruit
Europe,Pistachio,0.00473448496481126,37.0,Fruit
South America,Pistachio,0.0029069767441860465,1.0,Fruit
North America,Pistachio,0.003583010182098556,158.00000000000003,Fruit
Africa,Pistachio,0.008333333333333333,5.0,Fruit
Asia,Strawberry,0.01964839710444674,95.0,Fruit
Europe,Strawberry,0.01957773512476008,153.00000000000003,Fruit
South America,Strawberry,0.005813953488372093,2.0,Fruit
North America,Strawberry,0.018686078418032968,823.9999999999997,Fruit
Africa,Strawberry,0.011666666666666669,7.000000000000003,Fruit
Asia,Cream_cheese,0.05294725956566701,256.0,Dairy product
Europe,Cream_cheese,0.05476647472808701,428.0,Dairy product
South America,Cream_cheese,0.02906976744186046,9.999999999999998,Dairy product
North America,Cream_cheese,0.0475996099507903,2099.0,Dairy product
Africa,Cream_cheese,0.08333333333333333,50.0,Dairy product
Asia,Chickpea,0.011168562564632886,54.0,Legume
Europe,Chickpea,0.0049904030710172746,39.0,Legume
South America,Chickpea,0.02616279069767442,9.0,Legume
North America,Chickpea,0.006825861169694082,300.99999999999994,Legume
Africa,Chickpea,0.005,3.0,Legume
Asia,Mace,0.0022750775594622533,10.999999999999995,Spice
Europe,Mace,0.0014075495841330773,11.0,Spice
South America,Mace,0.0029069767441860465,1.0,Spice
North America,Mace,0.0021543415651858397,94.99999999999996,Spice
Asia,Watermelon,0.0022750775594622533,10.999999999999995,Fruit
Europe,Watermelon,0.0014075495841330773,11.0,Fruit
North America,Watermelon,0.001972923328117559,86.99999999999999,Fruit
Africa,Watermelon,0.0016666666666666668,1.0,Fruit
Asia,Cocoa,0.08148914167528439,394.0,Fruit
Europe,Cocoa,0.08777991042866283,686.0,Fruit
South America,Cocoa,0.017441860465116282,6.000000000000001,Fruit
North America,Cocoa,0.08277207066240334,3650.0000000000014,Fruit
Africa,Cocoa,0.11833333333333332,70.99999999999999,Fruit
Asia,Chive,0.02295760082730093,111.0,Plant
Europe,Chive,0.027767114523352527,217.0,Plant
South America,Chive,0.01453488372093023,4.999999999999999,Plant
North America,Chive,0.02254121595573395,994.0,Plant
Africa,Chive,0.016666666666666666,10.0,Plant
Asia,Thyme,0.043433298862461216,210.0,Plant
Europe,Thyme,0.06833013435700576,534.0,Plant
South America,Thyme,0.04941860465116279,17.0,Plant
North America,Thyme,0.0512052974125224,2258.0000000000005,Plant
Africa,Thyme,0.045,27.0,Plant
Asia,Kiwi,0.002688728024819028,13.0,Fruit
Europe,Kiwi,0.0015355086372360845,12.0,Fruit
North America,Kiwi,0.0019048914892169527,83.99999999999999,Fruit
Asia,Currant,0.003722854188210962,18.0,Plant
Europe,Currant,0.0033269353806781826,26.0,Plant
South America,Currant,0.01453488372093023,4.999999999999999,Plant
North America,Currant,0.004331360410005216,191.0,Plant
Africa,Currant,0.0033333333333333327,2.0,Plant
Asia,Peach,0.008686659772492245,42.00000000000001,Plant
Europe,Peach,0.008573256557901471,67.0,Plant
South America,Peach,0.0029069767441860465,1.0,Plant
North America,Peach,0.009411071047917092,415.0,Plant
Africa,Peach,0.01,6.0,Plant
Asia,Anise_seed,0.0014477766287487074,7.0,Plant
Europe,Anise_seed,0.002303262955854127,18.000000000000004,Plant
South America,Anise_seed,0.01453488372093023,4.999999999999999,Plant
North America,Anise_seed,0.0012926049391115042,57.0,Plant
Asia,Clam,0.008273009307135471,40.0,Animal
Europe,Clam,0.007421625079974408,57.99999999999999,Animal
South America,Clam,0.0029069767441860465,1.0,Animal
North America,Clam,0.008503979862575686,375.00000000000006,Animal
Africa,Clam,0.0033333333333333327,2.0,Animal
Asia,Passion_fruit,0.0006204756980351603,3.0,Fruit
Europe,Passion_fruit,0.0002559181062060141,2.0,Fruit
South America,Passion_fruit,0.0029069767441860465,1.0,Fruit
North America,Passion_fruit,0.0003174819148694924,14.000000000000005,Fruit
Asia,Rum,0.010134436401240952,49.0,Alcohol
Europe,Rum,0.011132437619961612,87.0,Alcohol
South America,Rum,0.005813953488372093,2.0,Alcohol
North America,Rum,0.010386194072159105,458.00000000000006,Alcohol
Africa,Rum,0.011666666666666669,7.000000000000003,Alcohol
Asia,Salmon,0.007445708376421924,36.0,Fish
Europe,Salmon,0.008829174664107486,69.0,Fish
North America,Salmon,0.007800984193936095,344.0,Fish
Africa,Salmon,0.005,3.0,Fish
Asia,Broccoli,0.016546018614270942,80.0,Plant
Europe,Broccoli,0.01215611004478567,95.0,Plant
North America,Broccoli,0.016803864208449554,741.0,Plant
Africa,Broccoli,0.025,15.0,Plant
Asia,Orange_peel,0.007859358841778697,38.0,Fruit
Europe,Orange_peel,0.01164427383237364,91.0,Fruit
South America,Orange_peel,0.017441860465116282,6.000000000000001,Fruit
North America,Orange_peel,0.010295484953624964,454.00000000000006,Fruit
Africa,Orange_peel,0.011666666666666669,7.000000000000003,Fruit
Asia,Fennel,0.010341261633919338,50.0,Plant
Europe,Fennel,0.018426103646833013,144.0,Plant
South America,Fennel,0.02616279069767442,9.0,Plant
North America,Fennel,0.015964804862008755,704.0000000000001,Plant
Africa,Fennel,0.01,6.0,Plant
Asia,Celery_oil,0.01799379524301965,87.0,Edible oil
Europe,Celery_oil,0.015866922584772868,123.99999999999996,Edible oil
North America,Celery_oil,0.017710955393790962,781.0,Edible oil
Africa,Celery_oil,0.02333333333333333,13.999999999999998,Edible oil
South America,Celery_oil,0.005813953488372093,2.0,Edible oil
Asia,Scallop,0.004963805584281282,24.0,Animal
Europe,Scallop,0.00601407549584133,46.99999999999999,Animal
South America,Scallop,0.008720930232558141,3.0000000000000004,Animal
North America,Scallop,0.005125065197178947,226.0,Animal
Asia,Beet,0.003516028955532575,17.0,Plant
Europe,Beet,0.00473448496481126,37.0,Plant
South America,Beet,0.008720930232558141,3.0000000000000004,Plant
North America,Beet,0.003991201215502189,176.00000000000003,Plant
Asia,Date,0.007238883143743538,35.00000000000001,Fruit
Europe,Date,0.006269993602047345,49.0,Fruit
South America,Date,0.008720930232558141,3.0000000000000004,Fruit
North America,Date,0.006531056534458127,288.00000000000006,Fruit
Africa,Date,0.005,3.0,Fruit
Asia,Parmesan_cheese,0.0452947259565667,219.0,Dairy product
Europe,Parmesan_cheese,0.03877159309021113,303.0,Dairy product
South America,Parmesan_cheese,0.02616279069767442,9.0,Dairy product
North America,Parmesan_cheese,0.05923305440279384,2612.0,Dairy product
Africa,Parmesan_cheese,0.05166666666666666,31.0,Dairy product
Asia,Lemon_peel,0.008686659772492245,42.00000000000001,Fruit
Europe,Lemon_peel,0.013179782469609724,103.0,Fruit
South America,Lemon_peel,0.034883720930232565,12.000000000000002,Fruit
North America,Lemon_peel,0.012903372111481506,569.0,Fruit
Africa,Lemon_peel,0.005,3.0,Fruit
Asia,Sunflower_oil,0.0006204756980351603,3.0,Edible oil
Europe,Sunflower_oil,0.00012795905310300704,1.0,Edible oil
North America,Sunflower_oil,9.070911853414063e-05,4.0,Edible oil
Asia,Prawn,0.002068252326783868,10.0,Animal
South America,Prawn,0.0029069767441860465,1.0,Animal
North America,Prawn,0.0002948046352359571,13.000000000000002,Animal
Europe,Prawn,0.0002559181062060141,2.0,Animal
Asia,Galanga,0.0022750775594622533,10.999999999999995,Spice
Europe,Galanga,0.002687140115163148,21.0,Spice
North America,Galanga,0.00043086831303716807,19.0,Spice
Asia,Melon,0.00392967942088935,19.000000000000004,Plant
Europe,Melon,0.0017914267434420985,14.0,Plant
North America,Melon,0.002834659954191895,125.0,Plant
Africa,Melon,0.008333333333333333,5.0,Plant
Asia,Wheat_bread,0.001034126163391934,5.0,Grain
South America,Wheat_bread,0.0029069767441860465,1.0,Grain
North America,Wheat_bread,0.0016327641336145314,71.99999999999999,Grain
Europe,Wheat_bread,0.0007677543186180423,6.0,Grain
Asia,Berry,0.0033092037228541877,15.999999999999998,Fruit
Europe,Berry,0.002431222008957134,19.0,Fruit
North America,Berry,0.0032882055468625984,145.0,Fruit
Africa,Berry,0.005,3.0,Fruit
Asia,Bitter_orange,0.0012409513960703205,6.0,Plant
Europe,Bitter_orange,0.0033269353806781826,26.0,Plant
North America,Bitter_orange,0.0011792185409438285,52.00000000000001,Plant
Africa,Bitter_orange,0.0016666666666666668,1.0,Plant
Asia,Blackberry,0.002688728024819028,13.0,Fruit
Europe,Blackberry,0.0033269353806781826,26.0,Fruit
South America,Blackberry,0.0029069767441860465,1.0,Fruit
North America,Blackberry,0.002948046352359571,130.0,Fruit
Asia,Blueberry,0.00951396070320579,46.0,Plant
Europe,Blueberry,0.00780550223928343,61.0,Plant
North America,Blueberry,0.007982402431004378,352.00000000000006,Plant
Africa,Blueberry,0.013333333333333334,8.0,Plant
Asia,Brandy,0.007238883143743538,35.00000000000001,Alcohol
Europe,Brandy,0.01253998720409469,98.0,Alcohol
South America,Brandy,0.005813953488372093,2.0,Alcohol
North America,Brandy,0.005873415425085606,259.0,Alcohol
Africa,Brandy,0.008333333333333333,5.0,Alcohol
Asia,Gelatin,0.028748707342295763,139.0,Condiment
Europe,Gelatin,0.024440179142674344,191.0,Condiment
South America,Gelatin,0.008720930232558141,3.0000000000000004,Condiment
North America,Gelatin,0.02435539832641676,1073.9999999999998,Condiment
Africa,Gelatin,0.01833333333333333,10.999999999999998,Condiment
Asia,Raspberry,0.01344364012409514,65.0,Fruit
Europe,Raspberry,0.015227127319257837,119.0,Fruit
North America,Raspberry,0.013515658661586957,596.0,Fruit
Africa,Raspberry,0.01,6.0,Fruit
Asia,Peppermint,0.00392967942088935,19.000000000000004,Plant
North America,Peppermint,0.002267727963353516,100.0,Plant
Europe,Peppermint,0.002687140115163148,21.0,Plant
Africa,Peppermint,0.0033333333333333327,2.0,Plant
Asia,Jasmine,0.0004136504653567735,2.0,Plant
North America,Jasmine,0.00013606367780121098,6.000000000000001,Plant
Asia,Asparagus,0.007859358841778697,38.0,Vegetable
Europe,Asparagus,0.006397952655150353,50.00000000000001,Vegetable
South America,Asparagus,0.0029069767441860465,1.0,Vegetable
North America,Asparagus,0.008277207066240334,365.0,Vegetable
Africa,Asparagus,0.011666666666666669,7.000000000000003,Vegetable
Asia,Black_tea,0.0012409513960703205,6.0,Beverage
North America,Black_tea,0.0007710275075401955,34.0,Beverage
Africa,Black_tea,0.005,3.0,Beverage
Europe,Black_tea,0.0002559181062060141,2.0,Beverage
Asia,Leek,0.005584281282316443,27.0,Plant
Europe,Leek,0.014075495841330775,110.0,Plant
South America,Leek,0.005813953488372093,2.0,Plant
North America,Leek,0.006508379254824591,287.0,Plant
Asia,Red_wine,0.020889348500517064,101.0,Alcohol
Europe,Red_wine,0.026999360204734486,211.0,Alcohol
South America,Red_wine,0.0872093023255814,30.0,Alcohol
North America,Red_wine,0.023788466335578386,1049.0,Alcohol
Africa,Red_wine,0.013333333333333334,8.0,Alcohol
Asia,Whole_grain_wheat_flour,0.013857290589451914,67.0,Grain
Europe,Whole_grain_wheat_flour,0.010364683301343571,81.00000000000001,Grain
South America,Whole_grain_wheat_flour,0.01453488372093023,4.999999999999999,Grain
North America,Whole_grain_wheat_flour,0.012948726670748577,571.0,Grain
Africa,Whole_grain_wheat_flour,0.016666666666666666,10.0,Grain
Asia,Cheese,0.04364012409513962,211.00000000000003,Dairy product
Europe,Cheese,0.061676263595649386,482.0,Dairy product
South America,Cheese,0.09883720930232558,34.0,Dairy product
North America,Cheese,0.05732816291357689,2528.0,Dairy product
Africa,Cheese,0.05166666666666666,31.0,Dairy product
Asia,Brassica,0.0012409513960703205,6.0,Plant
Europe,Brassica,0.0012795905310300705,10.000000000000002,Plant
South America,Brassica,0.005813953488372093,2.0,Plant
North America,Brassica,0.0022223734040864463,98.00000000000004,Plant
Asia,Goat_cheese,0.003722854188210962,18.0,Dairy product
Europe,Goat_cheese,0.005246321177223289,41.0,Dairy product
South America,Goat_cheese,0.0029069767441860465,1.0,Dairy product
North America,Goat_cheese,0.0045127786470734975,199.00000000000003,Dairy product
Africa,Goat_cheese,0.0016666666666666668,1.0,Dairy product
Asia,Squash,0.009720785935884178,47.0,Plant
Europe,Squash,0.009596928982725529,75.00000000000001,Plant
South America,Squash,0.005813953488372093,2.0,Plant
North America,Squash,0.010091389436923144,444.99999999999983,Plant
Africa,Squash,0.006666666666666667,4.0,Plant
Asia,Cherry,0.01861427094105481,90.0,Fruit
Europe,Cherry,0.01957773512476008,153.00000000000003,Fruit
South America,Cherry,0.008720930232558141,3.0000000000000004,Fruit
North America,Cherry,0.01870875569766651,825.0,Fruit
Africa,Cherry,0.02333333333333333,13.999999999999998,Fruit
Asia,Grape_juice,0.0140641158221303,68.0,Fruit
Europe,Grape_juice,0.011516314779270634,90.0,Fruit
South America,Grape_juice,0.020348837209302327,7.000000000000001,Fruit
North America,Grape_juice,0.014785586321064925,652.0,Fruit
Africa,Grape_juice,0.013333333333333334,8.0,Fruit
Asia,Kidney_bean,0.008686659772492245,42.00000000000001,Legume
Europe,Kidney_bean,0.010620601407549585,83.0,Legume
North America,Kidney_bean,0.007007279406762365,309.0,Legume
Africa,Kidney_bean,0.006666666666666667,4.0,Legume
South America,Kidney_bean,0.011627906976744186,4.0,Legume
Asia,Nut,0.01902792140641158,92.0,Fruit
Europe,Nut,0.016634676903390915,130.0,Fruit
South America,Nut,0.020348837209302327,7.000000000000001,Fruit
North America,Nut,0.02319885706510647,1023.0,Fruit
Africa,Nut,0.011666666666666669,7.000000000000003,Fruit
Asia,Lobster,0.00392967942088935,19.000000000000004,Animal
Europe,Lobster,0.0028150991682661546,22.0,Animal
North America,Lobster,0.0020182778873846295,89.0,Animal
Africa,Lobster,0.0016666666666666668,1.0,Animal
Asia,Yam,0.001034126163391934,5.0,Plant
Europe,Yam,0.0016634676903390913,12.999999999999998,Plant
North America,Yam,0.0015193777354468561,67.00000000000001,Plant
South America,Yam,0.0029069767441860465,1.0,Plant
Asia,Rose,0.0031023784901758012,14.999999999999998,Plant
Europe,Rose,0.0006397952655150353,5.000000000000001,Plant
South America,Rose,0.0029069767441860465,1.0,Plant
North America,Rose,0.0009297684649749416,41.0,Plant
Africa,Rose,0.0016666666666666668,1.0,Plant
Asia,Rosemary,0.028335056876938988,137.0,Plant
Europe,Rosemary,0.02827895073576456,221.00000000000003,Plant
South America,Rosemary,0.03197674418604651,11.0,Plant
North America,Rosemary,0.03410662856883688,1504.0,Plant
Africa,Rosemary,0.03333333333333333,20.0,Plant
Asia,Plum,0.005170630816959669,25.0,Fruit
Europe,Plum,0.006525911708253359,51.0,Fruit
South America,Plum,0.005813953488372093,2.0,Fruit
North America,Plum,0.004807583282309454,212.0,Fruit
Asia,Kale,0.0022750775594622533,10.999999999999995,Plant
Europe,Kale,0.0012795905310300705,10.000000000000002,Plant
North America,Kale,0.0017688278114157425,78.0,Plant
Africa,Kale,0.0016666666666666668,1.0,Plant
Asia,Olive,0.028748707342295763,139.0,Plant
Europe,Olive,0.03659628918746001,286.0,Plant
South America,Olive,0.09883720930232558,34.0,Plant
North America,Olive,0.030115427353334695,1328.0,Plant
Africa,Olive,0.02,12.0,Plant
Asia,Quince,0.0008273009307135469,4.0,Fruit
Europe,Quince,0.0005118362124120282,4.0,Fruit
North America,Quince,0.0004762228723042384,21.0,Fruit
Asia,Black_bean,0.004136504653567736,20.0,Plant
Europe,Black_bean,0.013563659628918746,106.0,Plant
North America,Black_bean,0.008118466108805587,358.0,Plant
Africa,Black_bean,0.006666666666666667,4.0,Plant
South America,Black_bean,0.020348837209302327,7.000000000000001,Plant
Asia,Pimento,0.005584281282316443,27.0,Spice
Europe,Pimento,0.005758157389635317,45.0,Spice
North America,Pimento,0.004422069528539356,195.0,Spice
Africa,Pimento,0.005,3.0,Spice
Asia,Smoke,0.009927611168562564,48.0,Others
Europe,Smoke,0.009596928982725529,75.00000000000001,Others
North America,Smoke,0.007664920516134884,338.0,Others
Africa,Smoke,0.0033333333333333327,2.0,Others
Asia,Tarragon,0.007238883143743538,35.00000000000001,Plant
Europe,Tarragon,0.011388355726167629,89.00000000000001,Plant
South America,Tarragon,0.0029069767441860465,1.0,Plant
North America,Tarragon,0.007982402431004378,352.00000000000006,Plant
Africa,Tarragon,0.0016666666666666668,1.0,Plant
Asia,Mussel,0.0022750775594622533,10.999999999999995,Animal
Europe,Mussel,0.003710812539987204,29.0,Animal
South America,Mussel,0.0029069767441860465,1.0,Animal
North America,Mussel,0.002902691793092501,128.00000000000003,Animal
Asia,Ham,0.024612202688728026,119.0,Meat
Europe,Ham,0.02034548944337812,159.0,Meat
South America,Ham,0.017441860465116282,6.000000000000001,Meat
North America,Ham,0.022631925074268092,998.0,Meat
Africa,Ham,0.03333333333333333,20.0,Meat
Asia,Truffle,0.0006204756980351603,3.0,Fungus
Europe,Truffle,0.0016634676903390913,12.999999999999998,Fungus
North America,Truffle,0.0008163820668072657,35.99999999999999,Fungus
Asia,Endive,0.0016546018614270938,7.999999999999999,Vegetable
Europe,Endive,0.0029430582213691627,23.000000000000004,Vegetable
South America,Endive,0.0029069767441860465,1.0,Vegetable
North America,Endive,0.0018822142095834184,83.0,Vegetable
Asia,Hazelnut,0.004343329886246122,21.0,Nut
Europe,Hazelnut,0.005630198336532309,44.0,Nut
North America,Hazelnut,0.0050116787990112715,221.00000000000003,Nut
Africa,Hazelnut,0.0033333333333333327,2.0,Nut
Asia,White_bread,0.0062047569803516025,30.0,Grain
Europe,White_bread,0.006142034548944338,48.0,Grain
South America,White_bread,0.005813953488372093,2.0,Grain
North America,White_bread,0.006485701975191056,286.0,Grain
Africa,White_bread,0.01,6.0,Grain
Asia,Tomato_juice,0.004136504653567736,20.0,Fruit
South America,Tomato_juice,0.0029069767441860465,1.0,Fruit
Europe,Tomato_juice,0.0033269353806781826,26.0,Fruit
North America,Tomato_juice,0.002834659954191895,125.0,Fruit
Africa,Tomato_juice,0.006666666666666667,4.0,Fruit
Asia,Pork_sausage,0.025439503619441573,123.0,Meat
Europe,Pork_sausage,0.02584772872680742,202.0,Meat
North America,Pork_sausage,0.02326688890400708,1026.0000000000002,Meat
Africa,Pork_sausage,0.03166666666666667,19.0,Meat
South America,Pork_sausage,0.0029069767441860465,1.0,Meat
Asia,Cod,0.002068252326783868,10.0,Fish
Europe,Cod,0.0028150991682661546,22.0,Fish
North America,Cod,0.0033789146653967392,149.0,Fish
Asia,Armagnac,0.00020682523267838678,1.0,Alcohol
Europe,Armagnac,0.0007677543186180423,6.0,Alcohol
North America,Armagnac,9.070911853414063e-05,4.0,Alcohol
Asia,Champagne_wine,0.001034126163391934,5.0,Alcohol
Europe,Champagne_wine,0.002559181062060141,20.000000000000004,Alcohol
North America,Champagne_wine,0.0016781186928816018,74.0,Alcohol
Africa,Champagne_wine,0.0016666666666666668,1.0,Alcohol
Asia,Avocado,0.00703205791106515,34.0,Fruit
Europe,Avocado,0.0163787587971849,128.0,Fruit
South America,Avocado,0.020348837209302327,7.000000000000001,Fruit
North America,Avocado,0.011134544300065764,491.0,Fruit
Africa,Avocado,0.0033333333333333327,2.0,Fruit
Asia,Beer,0.00392967942088935,19.000000000000004,Alcohol
Europe,Beer,0.005246321177223289,41.0,Alcohol
South America,Beer,0.0029069767441860465,1.0,Alcohol
North America,Beer,0.005487901671315509,242.0,Alcohol
Africa,Beer,0.008333333333333333,5.0,Alcohol
Asia,Blue_cheese,0.006411582213029989,31.0,Dairy product
Europe,Blue_cheese,0.006142034548944338,48.0,Dairy product
North America,Blue_cheese,0.0071433430845635765,315.00000000000006,Dairy product
Africa,Blue_cheese,0.0033333333333333327,2.0,Dairy product
Asia,Turnip,0.002895553257497415,14.0,Root vegetables
Europe,Turnip,0.004222648752399232,33.0,Root vegetables
North America,Turnip,0.003174819148694923,140.0,Root vegetables
Africa,Turnip,0.0016666666666666668,1.0,Root vegetables
Asia,Octopus,0.0004136504653567735,2.0,Animal
Europe,Octopus,0.00012795905310300704,1.0,Animal
North America,Octopus,0.0009524457446084768,42.0,Animal
Asia,Tuna,0.008066184074457083,39.0,Fish
Europe,Tuna,0.00818937939859245,64.0,Fish
South America,Tuna,0.0029069767441860465,1.0,Fish
North America,Tuna,0.008050434269904979,354.99999999999994,Fish
Africa,Tuna,0.006666666666666667,4.0,Fish
Asia,Cured_pork,0.00392967942088935,19.000000000000004,Meat
Europe,Cured_pork,0.003838771593090211,30.0,Meat
South America,Cured_pork,0.005813953488372093,2.0,Meat
North America,Cured_pork,0.005986801823253282,264.0,Meat
Asia,Fig,0.002895553257497415,14.0,Plant
Europe,Fig,0.0029430582213691627,23.000000000000004,Plant
South America,Fig,0.008720930232558141,3.0000000000000004,Plant
North America,Fig,0.0022223734040864463,98.00000000000004,Plant
Africa,Fig,0.0016666666666666668,1.0,Plant
Asia,Bacon,0.03453981385729059,167.0,Meat
Europe,Bacon,0.038003838771593086,296.99999999999994,Meat
North America,Bacon,0.038052475225072,1678.0,Meat
Africa,Bacon,0.043333333333333335,26.0,Meat
South America,Bacon,0.011627906976744186,4.0,Meat
Asia,Veal,0.0012409513960703205,6.0,Meat
Europe,Veal,0.005758157389635317,45.0,Meat
South America,Veal,0.008720930232558141,3.0000000000000004,Meat
North America,Veal,0.003265528267229064,144.00000000000003,Meat
Africa,Veal,0.0016666666666666668,1.0,Meat
Asia,Cassava,0.0016546018614270938,7.999999999999999,Plant
Europe,Cassava,0.00038387715930902113,3.0,Plant
North America,Cassava,0.0002494500759688868,11.000000000000002,Plant
Asia,Sage,0.014270941054808688,69.0,Plant
Europe,Sage,0.015866922584772868,123.99999999999996,Plant
South America,Sage,0.008720930232558141,3.0000000000000004,Plant
North America,Sage,0.015942127582375218,703.0,Plant
Africa,Sage,0.008333333333333333,5.0,Plant
Asia,Smoked_sausage,0.004343329886246122,21.0,Meat
Europe,Smoked_sausage,0.003838771593090211,30.0,Meat
North America,Smoked_sausage,0.004852937841576525,214.00000000000003,Meat
Africa,Smoked_sausage,0.005,3.0,Meat
Asia,Lima_bean,0.002688728024819028,13.0,Legume
Europe,Lima_bean,0.003071017274472169,24.0,Legume
South America,Lima_bean,0.005813953488372093,2.0,Legume
North America,Lima_bean,0.0024718234800553325,109.0,Legume
Africa,Lima_bean,0.0016666666666666668,1.0,Legume
Asia,Guava,0.00020682523267838678,1.0,Fruit
Europe,Guava,0.0002559181062060141,2.0,Fruit
North America,Guava,0.0002267727963353516,10.0,Fruit
Asia,Artichoke,0.005997931747673217,29.00000000000001,Vegetable
Europe,Artichoke,0.007037747920665387,55.0,Vegetable
South America,Artichoke,0.02325581395348837,7.999999999999999,Vegetable
North America,Artichoke,0.006621765652992267,292.0,Vegetable
Africa,Artichoke,0.011666666666666669,7.000000000000003,Vegetable
Asia,Lovage,0.0033092037228541877,15.999999999999998,Plant
Europe,Lovage,0.0028150991682661546,22.0,Plant
North America,Lovage,0.002358437081887657,104.0,Plant
Asia,Romano_cheese,0.0045501551189245076,21.999999999999996,Dairy product
Europe,Romano_cheese,0.0017914267434420985,14.0,Dairy product
South America,Romano_cheese,0.0029069767441860465,1.0,Dairy product
North America,Romano_cheese,0.005374515273147833,237.0,Dairy product
Africa,Romano_cheese,0.0016666666666666668,1.0,Dairy product
Asia,Marjoram,0.009307135470527405,45.0,Plant
Europe,Marjoram,0.008701215611004478,68.0,Plant
South America,Marjoram,0.008720930232558141,3.0000000000000004,Plant
North America,Marjoram,0.009275007370115879,408.99999999999983,Plant
Africa,Marjoram,0.005,3.0,Plant
Asia,Grape_brandy,0.00020682523267838678,1.0,Alcohol
North America,Grape_brandy,0.00015874095743474614,7.0,Alcohol
Asia,Porcini,0.001034126163391934,5.0,Fungus
Europe,Porcini,0.0021753039027511195,17.0,Fungus
North America,Porcini,0.0019048914892169527,83.99999999999999,Fungus
Asia,Corn_flake,0.004136504653567736,20.0,Grain
Europe,Corn_flake,0.0031989763275751767,25.000000000000004,Grain
North America,Corn_flake,0.003923169376601583,173.0,Grain
Africa,Corn_flake,0.011666666666666669,7.000000000000003,Grain
Asia,Sour_cherry,0.00020682523267838678,1.0,Plant
Europe,Sour_cherry,0.0010236724248240564,8.0,Plant
North America,Sour_cherry,0.0009297684649749416,41.0,Plant
Asia,Seaweed,0.0022750775594622533,10.999999999999995,Plant
Europe,Seaweed,0.0007677543186180423,6.0,Plant
North America,Seaweed,0.004490101367439962,198.0,Plant
Asia,Cacao,0.0006204756980351603,3.0,Plant
North America,Cacao,0.000566931990838379,25.0,Plant
Europe,Cacao,0.0008957133717210493,7.0,Plant
Asia,Anise,0.002068252326783868,10.0,Plant
Europe,Anise,0.004350607805502239,34.0,Plant
South America,Anise,0.02325581395348837,7.999999999999999,Plant
North America,Anise,0.0039004920969680475,172.0,Plant
Asia,Egg_noodle,0.005170630816959669,25.0,Others
Europe,Egg_noodle,0.005630198336532309,44.0,Others
South America,Egg_noodle,0.0029069767441860465,1.0,Others
North America,Egg_noodle,0.005601288069483185,247.0,Others
Africa,Egg_noodle,0.0033333333333333327,2.0,Others
Asia,Cottage_cheese,0.0031023784901758012,14.999999999999998,Dairy product
Europe,Cottage_cheese,0.006781829814459373,53.0,Dairy product
South America,Cottage_cheese,0.008720930232558141,3.0000000000000004,Dairy product
North America,Cottage_cheese,0.006168220060321564,272.0,Dairy product
Africa,Cottage_cheese,0.008333333333333333,5.0,Dairy product
Asia,Horseradish,0.005997931747673217,29.00000000000001,Plant
Europe,Horseradish,0.007037747920665387,55.0,Plant
North America,Horseradish,0.006961924847495296,307.00000000000006,Plant
Africa,Horseradish,0.008333333333333333,5.0,Plant
Asia,Cranberry,0.01923474663908997,93.0,Plant
Europe,Cranberry,0.015355086372360844,120.0,Plant
North America,Cranberry,0.015738032065673403,694.0000000000001,Plant
Africa,Cranberry,0.021666666666666667,13.0,Plant
Asia,Chicken_liver,0.001034126163391934,5.0,Animal produce
Europe,Chicken_liver,0.0011516314779270633,9.0,Animal produce
North America,Chicken_liver,0.0008617366260743361,38.0,Animal produce
Asia,Fruit,0.008066184074457083,39.0,Fruit
Europe,Fruit,0.00780550223928343,61.0,Fruit
North America,Fruit,0.00852665714220922,376.0,Fruit
Africa,Fruit,0.008333333333333333,5.0,Fruit
Asia,Maple_syrup,0.008686659772492245,42.00000000000001,Condiment
Europe,Maple_syrup,0.007677543186180422,60.0,Condiment
North America,Maple_syrup,0.008413270744041544,371.0,Condiment
Africa,Maple_syrup,0.008333333333333333,5.0,Condiment
Europe,Kohlrabi,0.00038387715930902113,3.0,Vegetable
North America,Kohlrabi,6.803183890060549e-05,3.0000000000000004,Vegetable
Europe,Parsnip,0.0029430582213691627,23.000000000000004,Vegetable
South America,Parsnip,0.0029069767441860465,1.0,Vegetable
North America,Parsnip,0.002381114361521192,105.0,Vegetable
Asia,Parsnip,0.001861427094105481,9.0,Vegetable
Africa,Parsnip,0.0033333333333333327,2.0,Vegetable
Europe,Rutabaga,0.0005118362124120282,4.0,Root vegetables
Asia,Rutabaga,0.0006204756980351603,3.0,Root vegetables
North America,Rutabaga,0.0006122865501054492,26.999999999999996,Root vegetables
Europe,Smoked_salmon,0.0029430582213691627,23.000000000000004,Fish
North America,Smoked_salmon,0.0016100868539809965,71.0,Fish
Africa,Smoked_salmon,0.0016666666666666668,1.0,Fish
Asia,Smoked_salmon,0.001034126163391934,5.0,Fish
Europe,Sumac,0.00012795905310300704,1.0,Plant
North America,Sumac,0.0002267727963353516,10.0,Plant
Asia,Sumac,0.0006204756980351603,3.0,Plant
Europe,Mozzarella_cheese,0.01253998720409469,98.0,Dairy product
North America,Mozzarella_cheese,0.024899653037621608,1098.0,Dairy product
Asia,Mozzarella_cheese,0.015098241985522232,72.99999999999999,Dairy product
Africa,Mozzarella_cheese,0.03166666666666667,19.0,Dairy product
South America,Mozzarella_cheese,0.008720930232558141,3.0000000000000004,Dairy product
Europe,Clove,0.0002559181062060141,2.0,Plant
South America,Clove,0.0029069767441860465,1.0,Plant
North America,Clove,0.00013606367780121098,6.000000000000001,Plant
Asia,Clove,0.00020682523267838678,1.0,Plant
Europe,Rye_flour,0.003071017274472169,24.0,Others
North America,Rye_flour,0.0022223734040864463,98.00000000000004,Others
Africa,Rye_flour,0.0016666666666666668,1.0,Others
Asia,Rye_flour,0.0016546018614270938,7.999999999999999,Others
Europe,Liver,0.0008957133717210493,7.0,Animal produce
South America,Liver,0.0029069767441860465,1.0,Animal produce
North America,Liver,0.0007256729482731253,32.00000000000001,Animal produce
Asia,Liver,0.0004136504653567735,2.0,Animal produce
Europe,Flower,0.0010236724248240564,8.0,Plant
North America,Flower,0.0005215774315713087,23.0,Plant
Asia,Flower,0.00020682523267838678,1.0,Plant
Europe,Buckwheat,0.0006397952655150353,5.000000000000001,Plant
Asia,Buckwheat,0.0014477766287487074,7.0,Plant
North America,Buckwheat,0.0017688278114157425,78.0,Plant
Europe,Whiskey,0.0017914267434420985,14.0,Alcohol
North America,Whiskey,0.0027439508356577546,121.0,Alcohol
Africa,Whiskey,0.005,3.0,Alcohol
Asia,Whiskey,0.0022750775594622533,10.999999999999995,Alcohol
Europe,Leaf,0.0006397952655150353,5.000000000000001,Plant
North America,Leaf,6.803183890060549e-05,3.0000000000000004,Plant
Asia,Leaf,0.00020682523267838678,1.0,Plant
Europe,Rhubarb,0.0031989763275751767,25.000000000000004,Vegetable
Asia,Rhubarb,0.00392967942088935,19.000000000000004,Vegetable
North America,Rhubarb,0.002789305394924825,123.0,Vegetable
Africa,Rhubarb,0.0033333333333333327,2.0,Vegetable
Europe,Mandarin,0.004606525911708253,36.0,Fruit
North America,Mandarin,0.004784906002675919,211.0,Fruit
Africa,Mandarin,0.006666666666666667,4.0,Fruit
Asia,Mandarin,0.005584281282316443,27.0,Fruit
South America,Mandarin,0.0029069767441860465,1.0,Fruit
Europe,Cabernet_sauvignon_wine,0.0006397952655150353,5.000000000000001,Alcohol
North America,Cabernet_sauvignon_wine,0.0002267727963353516,10.0,Alcohol
Asia,Cabernet_sauvignon_wine,0.0004136504653567735,2.0,Alcohol
Europe,Citrus,0.0020473448496481127,16.0,Plant
South America,Citrus,0.005813953488372093,2.0,Plant
North America,Citrus,0.003242850987595528,143.0,Plant
Africa,Citrus,0.0016666666666666668,1.0,Plant
Asia,Citrus,0.001861427094105481,9.0,Plant
Europe,Orange_flower,0.0006397952655150353,5.000000000000001,Plant
South America,Orange_flower,0.0029069767441860465,1.0,Plant
North America,Orange_flower,0.00020409551670181643,8.999999999999998,Plant
Asia,Orange_flower,0.0006204756980351603,3.0,Plant
Europe,Lavender,0.0029430582213691627,23.000000000000004,Plant
Asia,Lavender,0.0006204756980351603,3.0,Plant
North America,Lavender,0.0008163820668072657,35.99999999999999,Plant
Europe,Cognac,0.00473448496481126,37.0,Alcohol
North America,Cognac,0.0006803183890060549,30.0,Alcohol
Europe,Swiss_cheese,0.010492642354446578,82.0,Dairy product
North America,Swiss_cheese,0.008821461777445177,389.0,Dairy product
Africa,Swiss_cheese,0.015,9.0,Dairy product
Asia,Swiss_cheese,0.008893485005170631,43.0,Dairy product
Europe,Apple_brandy,0.0017914267434420985,14.0,Alcohol
Asia,Apple_brandy,0.0004136504653567735,2.0,Alcohol
North America,Apple_brandy,0.0004762228723042384,21.0,Alcohol
Europe,Chervil,0.003071017274472169,24.0,Plant
North America,Chervil,0.0006122865501054492,26.999999999999996,Plant
Asia,Chervil,0.00020682523267838678,1.0,Plant
Europe,Gruyere_cheese,0.002687140115163148,21.0,Dairy product
Asia,Gruyere_cheese,0.0004136504653567735,2.0,Dairy product
North America,Gruyere_cheese,0.0004989001519377736,22.000000000000004,Dairy product
Europe,Caviar,0.00038387715930902113,3.0,Spread
North America,Caviar,0.000566931990838379,25.0,Spread
Europe,Oat,0.02098528470889316,164.00000000000003,Plant
North America,Oat,0.02197428396489557,969.0,Plant
Asia,Oat,0.02357807652533609,114.0,Plant
Africa,Oat,0.03166666666666667,19.0,Plant
South America,Oat,0.0029069767441860465,1.0,Plant
Europe,Roquefort_cheese,0.0010236724248240564,8.0,Dairy product
North America,Roquefort_cheese,0.0003174819148694924,14.000000000000005,Dairy product
Asia,Roquefort_cheese,0.00020682523267838678,1.0,Dairy product
Europe,Tangerine,0.0007677543186180423,6.0,Fruit
North America,Tangerine,0.0010204775835090825,45.00000000000002,Fruit
Asia,Tangerine,0.00020682523267838678,1.0,Fruit
Europe,Cheddar_cheese,0.06423544465770953,502.0,Dairy product
South America,Cheddar_cheese,0.09593023255813954,33.0,Dairy product
North America,Cheddar_cheese,0.05084246093838583,2242.0,Dairy product
Asia,Cheddar_cheese,0.04405377456049638,213.0,Dairy product
Africa,Cheddar_cheese,0.065,39.0,Dairy product
Europe,Mutton,0.00012795905310300704,1.0,Meat
North America,Mutton,2.267727963353516e-05,1.0,Meat
Asia,Mutton,0.00020682523267838678,1.0,Meat
Europe,Camembert_cheese,0.0007677543186180423,6.0,Dairy product
North America,Camembert_cheese,0.00013606367780121098,6.000000000000001,Dairy product
Europe,Salmon_roe,0.0007677543186180423,6.0,Animal produce
North America,Salmon_roe,0.00020409551670181643,8.999999999999998,Animal produce
Europe,Pear_brandy,0.00038387715930902113,3.0,Alcohol
North America,Pear_brandy,0.00018141823706828127,8.000000000000002,Alcohol
Europe,Juniper_berry,0.0011516314779270633,9.0,Fruit
South America,Juniper_berry,0.0029069767441860465,1.0,Fruit
North America,Juniper_berry,0.0005215774315713087,23.0,Fruit
Europe,Sauerkraut,0.0017914267434420985,14.0,Vegetable
North America,Sauerkraut,0.003673719300632696,162.0,Vegetable
Africa,Sauerkraut,0.005,3.0,Vegetable
Asia,Sauerkraut,0.0012409513960703205,6.0,Vegetable
Europe,Bourbon_whiskey,0.003710812539987204,29.0,Alcohol
South America,Bourbon_whiskey,0.008720930232558141,3.0000000000000004,Alcohol
North America,Bourbon_whiskey,0.002494500759688868,110.0,Alcohol
Asia,Bourbon_whiskey,0.002481902792140641,12.0,Alcohol
Africa,Bourbon_whiskey,0.0033333333333333327,2.0,Alcohol
Europe,Lingonberry,0.0005118362124120282,4.0,Plant
Asia,Lingonberry,0.00020682523267838678,1.0,Plant
North America,Lingonberry,9.070911853414063e-05,4.0,Plant
Europe,Wood,0.00038387715930902113,3.0,Others
North America,Wood,0.0006576411093725198,29.000000000000004,Others
Asia,Wood,0.00020682523267838678,1.0,Others
Europe,Popcorn,0.0016634676903390913,12.999999999999998,Grain
North America,Popcorn,0.0015874095743474614,70.0,Grain
Asia,Popcorn,0.002688728024819028,13.0,Grain
Africa,Popcorn,0.0016666666666666668,1.0,Grain
Europe,Kumquat,0.0002559181062060141,2.0,Plant
Asia,Kumquat,0.0004136504653567735,2.0,Plant
North America,Kumquat,0.0006576411093725198,29.000000000000004,Plant
Europe,Cherry_brandy,0.0010236724248240564,8.0,Alcohol
Asia,Cherry_brandy,0.0008273009307135469,4.0,Alcohol
North America,Cherry_brandy,0.0004989001519377736,22.000000000000004,Alcohol
Europe,Nectarine,0.0007677543186180423,6.0,Fruit
North America,Nectarine,0.0009751230242420119,43.0,Fruit
Asia,Nectarine,0.0004136504653567735,2.0,Fruit
Europe,Black_currant,0.0002559181062060141,2.0,Plant
North America,Black_currant,0.00020409551670181643,8.999999999999998,Plant
Europe,Bergamot,0.00012795905310300704,1.0,Plant
Asia,Bergamot,0.00020682523267838678,1.0,Plant
North America,Bergamot,0.0001133863981676758,5.0,Plant
Europe,Bartlett_pear,0.0007677543186180423,6.0,Plant
North America,Bartlett_pear,0.00034015919450302743,15.0,Plant
Asia,Bartlett_pear,0.0004136504653567735,2.0,Plant
Europe,Port_wine,0.00038387715930902113,3.0,Alcohol
North America,Port_wine,0.0009297684649749416,41.0,Alcohol
Africa,Port_wine,0.0016666666666666668,1.0,Alcohol
Asia,Port_wine,0.0008273009307135469,4.0,Alcohol
Europe,Litchi,0.00038387715930902113,3.0,Fruit
North America,Litchi,0.00015874095743474614,7.0,Fruit
Asia,Litchi,0.0004136504653567735,2.0,Fruit
Europe,Brown_rice,0.005502239283429303,43.00000000000001,Grain
North America,Brown_rice,0.006032156382520353,266.0,Grain
Africa,Brown_rice,0.006666666666666667,4.0,Grain
Asia,Brown_rice,0.006825232678386763,33.0,Grain
South America,Brown_rice,0.0029069767441860465,1.0,Grain
Europe,Chamomile,0.00012795905310300704,1.0,Plant
North America,Chamomile,4.535455926707032e-05,2.0,Plant
Europe,Munster_cheese,0.0006397952655150353,5.000000000000001,Dairy product
North America,Munster_cheese,0.0004762228723042384,21.0,Dairy product
South America,Munster_cheese,0.0029069767441860465,1.0,Dairy product
Europe,Oatmeal,0.0010236724248240564,8.0,Grain
Asia,Oatmeal,0.0014477766287487074,7.0,Grain
North America,Oatmeal,0.0009978003038755472,44.00000000000001,Grain
Africa,Oatmeal,0.0033333333333333327,2.0,Grain
Europe,Beef_liver,0.00012795905310300704,1.0,Meat
North America,Beef_liver,0.00018141823706828127,8.000000000000002,Meat
Asia,Beef_liver,0.00020682523267838678,1.0,Meat
Europe,Corn_grit,0.0031989763275751767,25.000000000000004,Others
North America,Corn_grit,0.002948046352359571,130.0,Others
Asia,Corn_grit,0.001034126163391934,5.0,Others
South America,Corn_grit,0.008720930232558141,3.0000000000000004,Others
Europe,Sheep_cheese,0.00012795905310300704,1.0,Dairy product
North America,Sheep_cheese,2.267727963353516e-05,1.0,Dairy product
Europe,Katsuobushi,0.00012795905310300704,1.0,Others
North America,Katsuobushi,0.0013606367780121095,59.99999999999999,Others
Asia,Katsuobushi,0.0004136504653567735,2.0,Others
Europe,Tequila,0.003838771593090211,30.0,Alcohol
Asia,Tequila,0.002688728024819028,13.0,Alcohol
North America,Tequila,0.0021996961244529108,97.0,Alcohol
South America,Tequila,0.005813953488372093,2.0,Alcohol
Europe,Chayote,0.0016634676903390913,12.999999999999998,Plant
Asia,Chayote,0.00020682523267838678,1.0,Plant
North America,Chayote,0.000272127355602422,12.000000000000005,Plant
Africa,Chayote,0.0016666666666666668,1.0,Plant
Europe,Prickly_pear,0.0005118362124120282,4.0,Plant
North America,Prickly_pear,0.0003174819148694924,14.000000000000005,Plant
Asia,Prickly_pear,0.0004136504653567735,2.0,Plant
Europe,Peanut_butter,0.014203454894433781,111.0,Spread
South America,Peanut_butter,0.0029069767441860465,1.0,Spread
North America,Peanut_butter,0.017075991564051974,752.9999999999999,Spread
Asia,Peanut_butter,0.0312306101344364,151.0,Spread
Africa,Peanut_butter,0.021666666666666667,13.0,Spread
Europe,Licorice,0.0002559181062060141,2.0,Plant
North America,Licorice,0.00038551375377009775,17.0,Plant
Asia,Licorice,0.0004136504653567735,2.0,Plant
Europe,Red_kidney_bean,0.0020473448496481127,16.0,Legume
North America,Red_kidney_bean,0.0008617366260743361,38.0,Legume
Asia,Red_kidney_bean,0.0008273009307135469,4.0,Legume
South America,Red_kidney_bean,0.0029069767441860465,1.0,Legume
Europe,Roasted_sesame_seed,0.0006397952655150353,5.000000000000001,Plant
South America,Roasted_sesame_seed,0.0029069767441860465,1.0,Plant
North America,Roasted_sesame_seed,0.013107467628183322,578.0,Plant
Asia,Roasted_sesame_seed,0.002688728024819028,13.0,Plant
Europe,Macadamia_nut,0.001919385796545105,14.999999999999995,Nut
South America,Macadamia_nut,0.0029069767441860465,1.0,Nut
Asia,Macadamia_nut,0.0014477766287487074,7.0,Nut
North America,Macadamia_nut,0.0017461505317822074,77.0,Nut
Africa,Macadamia_nut,0.005,3.0,Nut
Europe,Holy_basil,0.0002559181062060141,2.0,Plant
North America,Holy_basil,2.267727963353516e-05,1.0,Plant
Europe,Herring,0.0008957133717210493,7.0,Fish
North America,Herring,4.535455926707032e-05,2.0,Fish
Asia,Herring,0.00020682523267838678,1.0,Fish
Europe,Rye_bread,0.002559181062060141,20.000000000000004,Grain
North America,Rye_bread,0.0014967004558133206,66.0,Grain
Africa,Rye_bread,0.0033333333333333327,2.0,Grain
Asia,Rye_bread,0.0008273009307135469,4.0,Grain
Europe,Roasted_pork,0.002303262955854127,18.000000000000004,Meat
Asia,Roasted_pork,0.0031023784901758012,14.999999999999998,Meat
North America,Roasted_pork,0.0020863097262852352,92.0,Meat
South America,Ouzo,0.020348837209302327,7.000000000000001,Alcohol
North America,Ouzo,4.535455926707032e-05,2.0,Alcohol
North America,Wasabi,0.00285733723382543,126.0,Plant
Asia,Wasabi,0.0012409513960703205,6.0,Plant
Europe,Wasabi,0.00038387715930902113,3.0,Plant
North America,Provolone_cheese,0.0032882055468625984,145.0,Dairy product
Africa,Provolone_cheese,0.0033333333333333327,2.0,Dairy product
Europe,Provolone_cheese,0.0015355086372360845,12.0,Dairy product
Asia,Provolone_cheese,0.001861427094105481,9.0,Dairy product
North America,Sassafras,0.00040819103340363286,17.999999999999996,Plant
Asia,Concord_grape,0.0004136504653567735,2.0,Fruit
Europe,Concord_grape,0.0002559181062060141,2.0,Fruit
North America,Concord_grape,0.00018141823706828127,8.000000000000002,Fruit
Europe,Laurel,0.0002559181062060141,2.0,Plant
Europe,Green_tea,0.0005118362124120282,4.0,Beverage
North America,Green_tea,0.0005896092704719142,26.000000000000004,Beverage
Africa,Green_tea,0.0016666666666666668,1.0,Beverage
Asia,Green_tea,0.0008273009307135469,4.0,Beverage
Europe,Smoked_fish,0.00012795905310300704,1.0,Fish
North America,Smoked_fish,0.0001133863981676758,5.0,Fish
North America,Potato_chip,0.0011792185409438285,52.00000000000001,Others
Africa,Potato_chip,0.0033333333333333327,2.0,Others
Europe,Potato_chip,0.0006397952655150353,5.000000000000001,Others
Asia,Potato_chip,0.0012409513960703205,6.0,Others
North America,Black_raspberry,0.00015874095743474614,7.0,Plant
Europe,Black_raspberry,0.00012795905310300704,1.0,Plant
North America,Cereal,0.003333560106129669,147.00000000000003,Grain
Africa,Cereal,0.005,3.0,Grain
Europe,Cereal,0.004606525911708253,36.0,Grain
Asia,Cereal,0.003722854188210962,18.0,Grain
North America,Malt,0.0006122865501054492,26.999999999999996,Grain
Europe,Malt,0.0011516314779270633,9.0,Grain
Asia,Malt,0.0004136504653567735,2.0,Grain
North America,Chinese_cabbage,0.003764428419166837,166.0,Vegetable
North America,Sake,0.014513458965462503,640.0,Alcohol
Africa,Sake,0.0033333333333333327,2.0,Alcohol
Europe,Sake,0.001919385796545105,14.999999999999995,Alcohol
Asia,Sake,0.004963805584281282,24.0,Alcohol
North America,Violet,0.00013606367780121098,6.000000000000001,Plant
North America,Huckleberry,0.00020409551670181643,8.999999999999998,Plant
Europe,Huckleberry,0.00012795905310300704,1.0,Plant
North America,Balm,6.803183890060549e-05,3.0000000000000004,Plant
North America,Haddock,0.0005896092704719142,26.000000000000004,Fish
Europe,Haddock,0.0002559181062060141,2.0,Fish
Asia,Haddock,0.0006204756980351603,3.0,Fish
North America,Sturgeon_caviar,2.267727963353516e-05,1.0,Fish
North America,Condiment,0.00020409551670181643,8.999999999999998,Condiment
North America,Geranium,2.267727963353516e-05,1.0,Plant
North America,Pelargonium,2.267727963353516e-05,1.0,Plant
North America,Gin,0.0013152822187450393,58.0,Alcohol
Europe,Gin,0.0007677543186180423,6.0,Alcohol
Africa,Gin,0.0016666666666666668,1.0,Alcohol
Asia,Gin,0.0006204756980351603,3.0,Alcohol
North America,Roasted_nut,2.267727963353516e-05,1.0,Fruit
North America,Spearmint,0.0001133863981676758,5.0,Plant
Europe,Spearmint,0.00012795905310300704,1.0,Plant
North America,Muscat_grape,2.267727963353516e-05,1.0,Fruit
North America,Peppermint_oil,0.00015874095743474614,7.0,Edible oil
Asia,Peppermint_oil,0.0004136504653567735,2.0,Edible oil
North America,Roasted_pecan,2.267727963353516e-05,1.0,Plant
North America,Frankfurter,0.0007029956686395902,31.000000000000004,Meat
Europe,Frankfurter,0.0006397952655150353,5.000000000000001,Meat
Asia,Frankfurter,0.00020682523267838678,1.0,Meat
North America,Roasted_meat,0.00015874095743474614,7.0,Meat
Africa,Roasted_meat,0.0016666666666666668,1.0,Meat
Europe,Roasted_meat,0.00038387715930902113,3.0,Meat
Asia,Roasted_meat,0.0006204756980351603,3.0,Meat
South America,Roasted_meat,0.0029069767441860465,1.0,Meat
North America,Rapeseed,6.803183890060549e-05,3.0000000000000004,Plant
North America,Shellfish,0.0006122865501054492,26.999999999999996,Animal
North America,Roasted_almond,4.535455926707032e-05,2.0,Plant
Europe,Roasted_almond,0.00012795905310300704,1.0,Plant
North America,Beech,2.267727963353516e-05,1.0,Plant
North America,Sour_milk,0.0007029956686395902,31.000000000000004,Dairy product
Africa,Sour_milk,0.0033333333333333327,2.0,Dairy product
Europe,Sour_milk,0.0010236724248240564,8.0,Dairy product
Asia,Sour_milk,0.001034126163391934,5.0,Dairy product
North America,Blackberry_brandy,4.535455926707032e-05,2.0,Alcohol
Europe,Blackberry_brandy,0.00012795905310300704,1.0,Alcohol
Asia,Blackberry_brandy,0.00020682523267838678,1.0,Alcohol
North America,Jasmine_tea,4.535455926707032e-05,2.0,Beverage
North America,Kelp,0.004059233054402794,179.0,Plant
North America,Nira,0.0015193777354468561,67.00000000000001,Vegetable
North America,Enokidake,0.002403791641154727,106.0,Fungus
North America,Mackerel,0.0009978003038755472,44.00000000000001,Fish
North America,Eel,0.0004535455926707032,20.0,Fish
North America,Matsutake,0.0012926049391115042,57.0,Fungus
North America,Gardenia,0.00020409551670181643,8.999999999999998,Plant
North America,Red_bean,0.0007483502279066603,33.0,Legume
North America,Japanese_plum,0.0002948046352359571,13.000000000000002,Fruit
North America,Black_sesame_seed,0.0005896092704719142,26.000000000000004,Plant
North America,Artemisia,0.0002948046352359571,13.000000000000002,Plant
North America,Citrus_peel,9.070911853414063e-05,4.0,Fruit
North America,Sea_algae,9.070911853414063e-05,4.0,Plant
North America,Red_algae,4.535455926707032e-05,2.0,Plant
North America,Raw_beef,4.535455926707032e-05,2.0,Meat
North America,Kaffir_lime,2.267727963353516e-05,1.0,Plant
North America,Long_pepper,4.535455926707032e-05,2.0,Plant
North America,Strawberry_jam,2.267727963353516e-05,1.0,Spread
North America,Strawberry_juice,4.535455926707032e-05,2.0,Fruit
North America,Jamaican_rum,2.267727963353516e-05,1.0,Alcohol
North America,Emmental_cheese,2.267727963353516e-05,1.0,Dairy product
North America,Carob,0.0001133863981676758,5.0,Plant
Asia,Carob,0.0004136504653567735,2.0,Plant
North America,Hop,4.535455926707032e-05,2.0,Plant
Europe,Hop,0.00012795905310300704,1.0,Plant
North America,Elderberry,6.803183890060549e-05,3.0000000000000004,Plant
Europe,Elderberry,0.00012795905310300704,1.0,Plant
Asia,Elderberry,0.00020682523267838678,1.0,Plant
North America,Roasted_hazelnut,2.267727963353516e-05,1.0,Fruit
North America,Mate,2.267727963353516e-05,1.0,Beverage
North America,Lilac_flower_oil,2.267727963353516e-05,1.0,Edible oil
North America,Baked_potato,0.0001133863981676758,5.0,Others
Europe,Baked_potato,0.00012795905310300704,1.0,Others
Africa,Baked_potato,0.0033333333333333327,2.0,Others
Asia,Baked_potato,0.00020682523267838678,1.0,Others
North America,Angelica,2.267727963353516e-05,1.0,Plant
North America,Carnation,2.267727963353516e-05,1.0,Plant
Asia,Carnation,0.0004136504653567735,2.0,Plant
Europe,Soybean_oil,0.00012795905310300704,1.0,Edible oil
Asia,Soybean_oil,0.00020682523267838678,1.0,Edible oil
Asia,Pimenta,0.0004136504653567735,2.0,Plant
Europe,Durian,0.00012795905310300704,1.0,Plant
